identificador	opening_date	opening_date_new	imagenPositivaNegativaMacri	imagenPositivaNegativaVidal	imagenPositivaNegativaCristina	latLong	latitude	longitude
0	1962	0	2	2		-34.53872,-58.56215	-34.53872	-58.56215
1	1964	5	1	1	2	-34.6528113,-58.7973991	-34.6528113	-58.7973991
2	1965	10	2	2	2	47.587085723877,14.1412858963013	47.58708572	14.1412859
3	1967	15	2	2	1	-34.5999717712402,-58.7489395141602	-34.59997177	-58.74893951
4	1967	20	2	2	1	-34.4735075,-58.531558	-34.4735075	-58.531558
5	1968	25	1	1	2	-34.5197977,-58.7390159	-34.5197977	-58.7390159
6	1968	30	1	1	2	-34.50916,-58.48411	-34.50916	-58.48411
7	1968	35	1	1	2	-34.4954163,-58.4843041	-34.4954163	-58.4843041
9	1968	45	2	2	1	-34.6118969,-58.7925323	-34.6118969	-58.7925323
10	1969	50	2	1	2	-36.7448768615723,-73.1036605834961	-36.74487686	-73.10366058
12	1969	60	2			-34.6605212,-58.790422	-34.6605212	-58.790422
13	1969	65	1	1	2	-34.54099,-58.50746	-34.54099	-58.50746
14	1969	70	2	2		-34.60658,-58.77848	-34.60658	-58.77848
16	1970	80	2	2	1	-34.4962063,-58.5826315	-34.4962063	-58.5826315
17	1970	85	1	1	2	-34.6355590820312,-58.7493057250977	-34.63555908	-58.74930573
18	1970	90	1	1	2	-34.5248125,-58.7530998	-34.5248125	-58.7530998
19	1970	95	1	1	1	-36.8613147,-57.8888523	-36.8613147	-57.8888523
20	1971	100			2	-34.51831,-58.50569	-34.51831	-58.50569
21	1971	105		1	2	-34.6617969,-58.7725777	-34.6617969	-58.7725777
22	1971	110	2	2	1	-34.5255247,-58.7303223	-34.5255247	-58.7303223
23	1971	115	1	1	2	-34.45525,-58.59802	-34.45525	-58.59802
25	1971	125	2		1	-34.5754194,-58.5644071	-34.5754194	-58.5644071
26	1971	130	2	2	2	-34.61351,-58.81533	-34.61351	-58.81533
28	1971	140	1	1	2	-35.4884567,-62.9784009	-35.4884567	-62.9784009
29	1971	145	1	1	2	-34.527103,-58.5775288	-34.527103	-58.5775288
30	1971	150	1	1	2	-34.4024696350098,-58.6204795837402	-34.40246964	-58.62047958
31	1971	155	2	2	1	-34.3331176,-58.7792094	-34.3331176	-58.7792094
32	1971	160	2	2	2	-34.52142,-58.48006	-34.52142	-58.48006
33	1971	165	2	2	1	-34.5999717712402,-58.7489395141602	-34.59997177	-58.74893951
34	1971	170	2	2	2	-34.5465221,-58.544276	-34.5465221	-58.544276
35	1972	175	2	2	1	-34.5442976,-58.5580916	-34.5442976	-58.5580916
36	1972	180	2	2	2	-34.4786720275879,-58.528938293457	-34.47867203	-58.52893829
37	1972	185	2	2	1	-34.4906113,-58.5024646	-34.4906113	-58.5024646
39	1972	195	1	1	2	-34.507568359375,-58.5661888122559	-34.50756836	-58.56618881
40	1972	200	2		2	-34.55452,-58.51574	-34.55452	-58.51574
41	1972	205	2		2	-34.5229935,-58.7545105	-34.5229935	-58.7545105
42	1972	210	2			-34.623472,-58.8135631	-34.623472	-58.8135631
43	1972	215	2	2	1	-38.0018215,-57.5424984	-38.0018215	-57.5424984
44	1972	220	2	2	1	-34.6635,-58.78853	-34.6635	-58.78853
45	1972	225	1	1	2	-34.651836,-58.7624596	-34.651836	-58.7624596
46	1972	230	2	2	1	-34.5895242,-58.5187276	-34.5895242	-58.5187276
47	1972	235	2	2	1	-34.6559733,-58.7681419	-34.6559733	-58.7681419
49	1972	245	2	2	1	-34.63162,-58.79437	-34.63162	-58.79437
50	1972	250	1	1	2	-34.5927649,-58.5374448	-34.5927649	-58.5374448
51	1972	255	2	2	1	-34.5968709,-58.7396442	-34.5968709	-58.7396442
53	1973	265	2	2	1	-34.51225,-58.54745	-34.51225	-58.54745
55	1973	275	1	1	2	9.76622009277344,8.84539985656738	9.766220093	8.845399857
56	1973	280	2	2	1	13.7330055236816,-88.8665008544922	13.73300552	-88.86650085
57	1973	285	2	2	1	-34.6190277,-58.7808525	-34.6190277	-58.7808525
58	1973	290		2	2	-34.4004731,-58.7591761	-34.4004731	-58.7591761
59	1973	295	2	2	2	-34.5766889,-58.5667758	-34.5766889	-58.5667758
60	1973	300	2	2	1	31.70607,-106.48355	31.70607	-106.48355
61	1973	305	1	1	2	-34.4916944,-58.5129973	-34.4916944	-58.5129973
62	1973	310	1	1	2	-34.5100919,-58.4784273	-34.5100919	-58.4784273
63	1973	315	1	1	2	-34.485816,-58.5057498	-34.485816	-58.5057498
64	1973	320	2		1	-34.5010507,-58.5414422	-34.5010507	-58.5414422
65	1973	325	2	2	2	-35.4317177,-60.1842221	-35.4317177	-60.1842221
66	1973	330	2	2	1	-34.52243,-58.49618	-34.52243	-58.49618
67	1973	335	1	1	2	-34.4760622,-58.5196081	-34.4760622	-58.5196081
68	1973	340	1	1	2	-34.3901979,-58.8247706	-34.3901979	-58.8247706
69	1973	345	2	2		-34.74091,-58.24472	-34.74091	-58.24472
70	1973	350	2		1	-23.2419567108154,-58.392765045166	-23.24195671	-58.39276505
71	1974	355	1	1	2	-34.53959,-58.56108	-34.53959	-58.56108
72	1974	360	1	1	2	15.6961078643799,-90.3570938110352	15.69610786	-90.35709381
73	1974	365	2	1		-34.4111598,-58.6050367	-34.4111598	-58.6050367
74	1974	370	1	1	2	-34.3873924,-58.73276	-34.3873924	-58.73276
75	1974	375		1	2	-34.4133501,-58.690027	-34.4133501	-58.690027
76	1974	380		2		-34.6317051,-58.738826	-34.6317051	-58.738826
77	1974	385	2	1	2	-34.5271149,-58.5024284	-34.5271149	-58.5024284
78	1974	390	1	1	2	-34.6021318,-58.7338463	-34.6021318	-58.7338463
80	1974	400	1	1	2	-34.6619826,-58.8081169	-34.6619826	-58.8081169
81	1974	405	2	2	1	-34.6358758,-58.8640177	-34.6358758	-58.8640177
82	1974	410	1	1	1	-34.6343751,-58.8137566	-34.6343751	-58.8137566
83	1974	415	2			39.4686813354492,-0.376910001039505	39.46868134	-0.376910001
84	1974	420	1	1	2	-34.515966,-58.5382097	-34.515966	-58.5382097
85	1974	425	2			-34.548641204834,-58.5516815185547	-34.5486412	-58.55168152
86	1974	430	2	2	1	-34.5246315002441,-58.5462303161621	-34.5246315	-58.54623032
87	1974	435	1	1	2	-34.5132792,-58.4865163	-34.5132792	-58.4865163
88	1974	440	2	2	2	-34.542361,-58.5927108	-34.542361	-58.5927108
89	1974	445	1	1	2	-34.5490817,-58.5526817	-34.5490817	-58.5526817
90	1974	450	1		2	62.5360412597656,-96.3883514404297	62.53604126	-96.38835144
91	1974	455	1	1	2	-34.50901,-58.49405	-34.50901	-58.49405
92	1974	460		1	2	-34.5423733,-58.5046302	-34.5423733	-58.5046302
93	1974	465	2	2	1	-34.6046891,-58.7317423	-34.6046891	-58.7317423
94	1974	470	2	2	2	-34.5287,-58.57234	-34.5287	-58.57234
95	1974	475	2		2	-34.595894,-58.7414597	-34.595894	-58.7414597
96	1975	480	2		1	-34.5158581,-58.7641911	-34.5158581	-58.7641911
97	1975	485	2	2		-34.532798,-58.4861039	-34.532798	-58.4861039
98	1975	490	2	2	1	-34.53604,-58.53037	-34.53604	-58.53037
99	1975	495		1	2	-34.4827652,-58.4987986	-34.4827652	-58.4987986
102	1975	510	2	2	2	-34.4785065,-58.5560011	-34.4785065	-58.5560011
103	1975	515		1	2	-34.4771058,-58.4892011	-34.4771058	-58.4892011
104	1975	520	2	2	1	-34.5999717712402,-58.7489395141602	-34.59997177	-58.74893951
106	1975	530	1	1	2	9.76622009277344,8.84539985656738	9.766220093	8.845399857
107	1975	535	1	1	2	-34.51235,-58.52743	-34.51235	-58.52743
108	1975	540	2			-34.52505,-58.55587	-34.52505	-58.55587
109	1975	545	2	2	1	-34.5063236,-58.8115093	-34.5063236	-58.8115093
110	1975	550	2	2	1	-34.738002,-58.2471106	-34.738002	-58.2471106
111	1975	555	2	2	1	-34.548641204834,-58.5516815185547	-34.5486412	-58.55168152
113	1975	565	2	2	1	-34.5248333,-58.5477815	-34.5248333	-58.5477815
114	1975	570	2		1	-36.09381,-57.80687	-36.09381	-57.80687
116	1976	580	2	2	1	-37.9706409,-57.6107697	-37.9706409	-57.6107697
117	1976	585	2	2	1	-34.4539063,-58.5974054	-34.4539063	-58.5974054
118	1976	590	2		2	-34.5030125,-58.5144937	-34.5030125	-58.5144937
119	1976	595	2	2	1	-34.4567378,-58.6443695	-34.4567378	-58.6443695
120	1976	600	2	2	1	-34.3568265,-58.7913321	-34.3568265	-58.7913321
122	1976	610	1	1	2	-34.5351395,-58.4966082	-34.5351395	-58.4966082
124	1976	620	2	2	1	7.15698480606079,-66.2232437133789	7.156984806	-66.22324371
126	1976	630	2	2		-34.5016791,-58.6240963	-34.5016791	-58.6240963
127	1976	635	1	1	2	-34.386473,-58.7367258	-34.386473	-58.7367258
129	1976	645	2	2	1	-34.52196,-58.50191	-34.52196	-58.50191
131	1976	655	1	1	2	-34.52041,-58.48211	-34.52041	-58.48211
132	1976	660	1	1	2	-34.478093,-58.5257562	-34.478093	-58.5257562
133	1976	665	1	1	2	-34.4562648,-58.6058597	-34.4562648	-58.6058597
134	1976	670		2	1	-34.4917094,-58.504697	-34.4917094	-58.504697
135	1976	675	2	2	1	-34.5758008,-58.5806551	-34.5758008	-58.5806551
136	1976	680	2	2	2	-34.5063226,-58.5461375	-34.5063226	-58.5461375
137	1976	685	1	1	2	-34.5467491149902,-58.5014991760254	-34.54674911	-58.50149918
138	1976	690	2			-34.53969,-58.49376	-34.53969	-58.49376
139	1976	695	1	1	2	-34.51421,-58.50229	-34.51421	-58.50229
140	1976	700	2	2		9.76622009277344,8.84539985656738	9.766220093	8.845399857
142	1977	710	2	2	1	-34.6556364,-58.759043	-34.6556364	-58.759043
143	1977	715	1	1	2	-34.4673917,-58.5126838	-34.4673917	-58.5126838
144	1977	720	1	1	2	-34.590984,-58.5217253	-34.590984	-58.5217253
145	1977	725	1	1	1	-34.5901755,-58.741049	-34.5901755	-58.741049
146	1977	730			2	-34.4978564,-58.4968461	-34.4978564	-58.4968461
147	1977	735		1	2	-34.4553382,-58.5308502	-34.4553382	-58.5308502
148	1977	740	2	2	1	-34.5138389,-58.5336443	-34.5138389	-58.5336443
149	1977	745	1	1	2	9.76622009277344,8.84539985656738	9.766220093	8.845399857
150	1977	750	2		2	-34.4183704,-58.7527752	-34.4183704	-58.7527752
151	1977	755	2		1	-34.5305393,-58.4803294	-34.5305393	-58.4803294
152	1977	760	2	2	2	-34.5089661,-58.4843703	-34.5089661	-58.4843703
153	1977	765		1	2	-37.66572,-59.40523	-37.66572	-59.40523
154	1977	770	1	1	2	-34.5292816162109,-58.5362586975098	-34.52928162	-58.5362587
156	1977	780	1	1	2	-34.4550094604492,-58.6359901428223	-34.45500946	-58.63599014
157	1977	785	2	2	1	-34.5295235,-58.4703142	-34.5295235	-58.4703142
158	1977	790	2	2	2	-34.4937052,-58.6334294	-34.4937052	-58.6334294
159	1977	795	2	2	1	-34.33439,-58.85462	-34.33439	-58.85462
160	1977	800	2	2	2	-34.4742964,-58.5196554	-34.4742964	-58.5196554
161	1977	805	2	2	1	-34.5096412,-58.741185	-34.5096412	-58.741185
162	1977	810	2	2	2	-34.528106,-58.7546523	-34.528106	-58.7546523
163	1977	815	2	2	1	-34.3575072,-58.7803784	-34.3575072	-58.7803784
164	1977	820		2	2	-34.6042905,-58.7547727	-34.6042905	-58.7547727
165	1977	825	1	1	2	-34.4903046,-58.5160558	-34.4903046	-58.5160558
166	1977	830	2		2	-34.5345809,-58.4889606	-34.5345809	-58.4889606
167	1977	835	2		2	-34.6295433,-58.8303292	-34.6295433	-58.8303292
168	1977	840	2			-34.5274233,-58.5706312	-34.5274233	-58.5706312
169	1977	845	2	2	1	-34.6653792,-58.7965374	-34.6653792	-58.7965374
170	1977	850	2	2	1	11.2265596389771,-74.1987380981445	11.22655964	-74.1987381
171	1977	855	1	1	2	-34.6582489013672,-58.7634506225586	-34.6582489	-58.76345062
172	1977	860	2	2	1	43.5290298461914,12.1621837615967	43.52902985	12.16218376
173	1977	865	2	2	1	-34.4628841,-58.6837858	-34.4628841	-58.6837858
174	1977	870	1	1	2	-34.62752,-58.88438	-34.62752	-58.88438
175	1977	875	2	2	1	-34.4152343,-58.7670222	-34.4152343	-58.7670222
177	1977	885	2	2	1	-34.6326904296875,-58.8554191589355	-34.63269043	-58.85541916
178	1977	890			2	-34.4786720275879,-58.528938293457	-34.47867203	-58.52893829
179	1977	895	2	2	1	-34.6582489013672,-58.7634506225586	-34.6582489	-58.76345062
180	1977	900		2	2	-34.55241,-58.54539	-34.55241	-58.54539
181	1978	905	1	1	2	-34.5246189,-58.5430506	-34.5246189	-58.5430506
183	1978	915	2	2	1	-34.6482683,-58.8182302	-34.6482683	-58.8182302
184	1978	920		2	2	36.4212188720703,-6.14468002319336	36.42121887	-6.144680023
185	1978	925	2	2	2	-34.507568359375,-58.5661888122559	-34.50756836	-58.56618881
186	1978	930	2	2	1	-34.5471576,-58.5550628	-34.5471576	-58.5550628
187	1978	935	1	1	2	-34.4578155,-58.6322263	-34.4578155	-58.6322263
188	1978	940	1	1	2	-32.2585353,-61.9003101	-32.2585353	-61.9003101
189	1978	945	1	1	2	-34.4838527,-58.488934	-34.4838527	-58.488934
190	1978	950	2		1	-34.39632,-58.65099	-34.39632	-58.65099
192	1978	960	2	2	1	9.76622009277344,8.84539985656738	9.766220093	8.845399857
193	1978	965	1	1	2	-34.59047,-58.52581	-34.59047	-58.52581
195	1978	975	2	2		-34.6486877,-58.7871732	-34.6486877	-58.7871732
196	1978	980	2		1	-34.3827611,-58.7333984	-34.3827611	-58.7333984
198	1978	990	1	1	2	-34.6326904296875,-58.8554191589355	-34.63269043	-58.85541916
199	1978	995	2	1		-34.6046761,-58.7524728	-34.6046761	-58.7524728
200	1978	1000	1	1	2	-34.6350387,-58.7589758	-34.6350387	-58.7589758
201	1978	1005		1	2	-34.6355493,-58.8572045	-34.6355493	-58.8572045
202	1978	1010		2		-34.52321,-58.50167	-34.52321	-58.50167
203	1978	1015	2	1	2	-34.6456715,-58.7712514	-34.6456715	-58.7712514
204	1978	1020	1	1	2	-34.4251964,-58.5867814	-34.4251964	-58.5867814
205	1978	1025	2		2	-34.5306893,-58.5370367	-34.5306893	-58.5370367
206	1978	1030	1	1	2	-34.4972534,-58.5568752	-34.4972534	-58.5568752
207	1978	1035	2	2	1	-34.50499,-58.48064	-34.50499	-58.48064
208	1978	1040	1	1	1	-34.3058544,-58.7705851	-34.3058544	-58.7705851
209	1978	1045	2			-34.3952496,-58.7385309	-34.3952496	-58.7385309
210	1978	1050	1	1	2	-34.4631158,-58.5105968	-34.4631158	-58.5105968
212	1978	1060	2	2	1	-34.54154,-58.59641	-34.54154	-58.59641
213	1978	1065	1	1	2	-34.5444944,-58.5565923	-34.5444944	-58.5565923
214	1978	1070	2	2	2	-34.5404439,-58.5597913	-34.5404439	-58.5597913
215	1979	1075	1	1	2	-35.0800928,-57.5121095	-35.0800928	-57.5121095
217	1979	1085	1	1	2	-34.6668593,-58.8110074	-34.6668593	-58.8110074
218	1979	1090		1	2	-34.4788703918457,-58.5042304992676	-34.47887039	-58.5042305
219	1979	1095	2	2	1	-34.4768301,-58.6174185	-34.4768301	-58.6174185
220	1979	1100	2	2	2	-34.60655,-58.73471	-34.60655	-58.73471
221	1979	1105	2		2	19.4319400787354,-99.1331481933594	19.43194008	-99.13314819
222	1979	1110	2		1	-34.5311088562012,-58.5254402160645	-34.53110886	-58.52544022
223	1979	1115	2	2		-34.5127642,-58.5716719	-34.5127642	-58.5716719
224	1979	1120	2	2	1	-34.5051057,-58.5233401	-34.5051057	-58.5233401
225	1979	1125		1	2	-34.5382252,-58.4910223	-34.5382252	-58.4910223
226	1979	1130	1	1	1	-34.6478883,-58.539562	-34.6478883	-58.539562
227	1979	1135	1	1	2	-34.6206123,-58.7816654	-34.6206123	-58.7816654
228	1979	1140	2	2	2	-34.442256,-58.6638695	-34.442256	-58.6638695
229	1979	1145		1	2	-34.4939498,-58.5516751	-34.4939498	-58.5516751
230	1979	1150	2	2	1	-34.30295,-58.76702	-34.30295	-58.76702
231	1979	1155	2	2	1	-34.6326904296875,-58.8554191589355	-34.63269043	-58.85541916
232	1979	1160	1	1	2	-34.6582489013672,-58.7634506225586	-34.6582489	-58.76345062
233	1979	1165	1	1	2	-34.5033024,-58.7762868	-34.5033024	-58.7762868
234	1979	1170	2			-34.4229061,-58.7491287	-34.4229061	-58.7491287
235	1979	1175	2	2	1	-34.4951,-58.54655	-34.4951	-58.54655
236	1979	1180	2	2	1	-34.42865,-58.65081	-34.42865	-58.65081
237	1979	1185	2	2	1	-34.548641204834,-58.5516815185547	-34.5486412	-58.55168152
238	1979	1190	2	2		-34.4168941,-58.7361857	-34.4168941	-58.7361857
239	1979	1195	2	2	1	-34.53735,-58.53202	-34.53735	-58.53202
240	1979	1200	2		1	-34.5310734,-58.5044306	-34.5310734	-58.5044306
242	1979	1210	2	2	1	4.61496019363403,-74.0694122314453	4.614960194	-74.06941223
243	1979	1215	2	2	1	-34.51225,-58.54745	-34.51225	-58.54745
244	1979	1220	2		2	-34.4499605,-58.6066897	-34.4499605	-58.6066897
246	1979	1230	2	2	1	-34.8167255,-58.4055779	-34.8167255	-58.4055779
247	1979	1235	2	2	1	-34.5189823,-58.7969843	-34.5189823	-58.7969843
249	1979	1245	2	2	1	-34.5683464,-58.5465629	-34.5683464	-58.5465629
250	1979	1250	2	2	1	13.7330055236816,-88.8665008544922	13.73300552	-88.86650085
251	1979	1255	2	2		-34.4927792,-58.5838045	-34.4927792	-58.5838045
252	1979	1260	2	2		-34.605855,-58.7491287	-34.605855	-58.7491287
254	1979	1270	2	2	2	-34.5199093,-58.5503626	-34.5199093	-58.5503626
255	1979	1275	2	2	1	-34.6514085,-58.8113535	-34.6514085	-58.8113535
256	1979	1280	2	2	1	-34.4712278,-58.5017573	-34.4712278	-58.5017573
257	1979	1285	1	1	2	-34.4640437,-58.6272429	-34.4640437	-58.6272429
258	1980	1290	1	1	2	-34.4283218383789,-58.5832366943359	-34.42832184	-58.58323669
259	1980	1295	1	1	2	-34.51923,-58.5523	-34.51923	-58.5523
260	1980	1300		2	1	-34.6572471,-58.7610999	-34.6572471	-58.7610999
261	1980	1305	2	2	1	-34.4663098,-58.6635384	-34.4663098	-58.6635384
262	1980	1310	2	2	2	-34.53973,-58.55408	-34.53973	-58.55408
263	1980	1315	1	1	2	-34.4880421,-58.4960603	-34.4880421	-58.4960603
265	1980	1325	1	1	2	-34.4515983,-58.6500356	-34.4515983	-58.6500356
266	1980	1330	2	2		-34.5548311,-58.5473639	-34.5548311	-58.5473639
267	1980	1335	2	2	1	-34.6044129,-58.7557218	-34.6044129	-58.7557218
269	1980	1345	1	1	2	-34.4868696,-58.4954559	-34.4868696	-58.4954559
270	1980	1350	1	1	2	-35.2719052,-59.7655335	-35.2719052	-59.7655335
271	1980	1355	1	1	1	-34.535641,-58.7512324	-34.535641	-58.7512324
273	1980	1365	2	2	2	-34.548641204834,-58.5516815185547	-34.5486412	-58.55168152
274	1980	1370	2	2	1	-34.42865,-58.65081	-34.42865	-58.65081
276	1980	1380	2		2	-34.4844628,-58.5758284	-34.4844628	-58.5758284
277	1980	1385	2		1	-34.5696854,-58.5176483	-34.5696854	-58.5176483
278	1980	1390	2	2	2	-34.49479,-58.63263	-34.49479	-58.63263
279	1980	1395	2	2	2	-34.6110032,-58.8383752	-34.6110032	-58.8383752
280	1980	1400	1	1	2	-34.5105388,-58.5672498	-34.5105388	-58.5672498
281	1980	1405	1	1	2	-34.51727,-58.52247	-34.51727	-58.52247
282	1980	1410	1	1	2	-34.5817974,-58.8725943	-34.5817974	-58.8725943
283	1980	1415	2	2	1	-34.3297006,-58.7810259	-34.3297006	-58.7810259
284	1980	1420	2	2	2	-34.5303092,-58.740776	-34.5303092	-58.740776
285	1980	1425	2	2	1	-34.5835627,-58.5652394	-34.5835627	-58.5652394
286	1980	1430	2	2	2	-34.63062,-58.74456	-34.63062	-58.74456
287	1980	1435	2	2	1	-35.4318109,-60.1812885	-35.4318109	-60.1812885
288	1980	1440	2	2	2	-1.46556997299194,-78.3972091674805	-1.465569973	-78.39720917
289	1980	1445	2	2	1	-34.5709801,-58.5744189	-34.5709801	-58.5744189
290	1980	1450		2	2	-34.5667712,-58.5232055	-34.5667712	-58.5232055
291	1980	1455	1	1	2	-34.6079676,-58.7688817	-34.6079676	-58.7688817
292	1980	1460	2		2	-34.5978148,-58.7551628	-34.5978148	-58.7551628
293	1980	1465	2		2	-34.5017278,-58.5129078	-34.5017278	-58.5129078
294	1980	1470	2			-34.548641204834,-58.5516815185547	-34.5486412	-58.55168152
295	1980	1475	2	2	1	-34.651778,-58.7636071	-34.651778	-58.7636071
296	1980	1480	2	2	1	-34.4987465,-58.5840979	-34.4987465	-58.5840979
297	1980	1485	1	1	2	-34.4839409,-58.5675004	-34.4839409	-58.5675004
298	1980	1490	2	2	1	-34.64775,-58.78556	-34.64775	-58.78556
299	1980	1495	2	2	1	-34.6074943,-58.7704389	-34.6074943	-58.7704389
301	1980	1505	2	2	1	-36.7448768615723,-73.1036605834961	-36.74487686	-73.10366058
302	1980	1510	1	1	2	-34.489562,-58.509865	-34.489562	-58.509865
303	1980	1515	2	2	1	-34.65682,-58.76218	-34.65682	-58.76218
304	1980	1520			2	-34.4688796,-58.5381916	-34.4688796	-58.5381916
305	1980	1525	2	2	1	-34.4249113,-58.5880301	-34.4249113	-58.5880301
307	1980	1535	1	1	2	-35.6282987,-59.7656105	-35.6282987	-59.7656105
308	1980	1540	2	2	1	-34.5084686,-58.569217	-34.5084686	-58.569217
310	1980	1550		2	2	-34.43314,-58.58346	-34.43314	-58.58346
311	1980	1555	2	2	2	-34.5008575,-58.6091669	-34.5008575	-58.6091669
312	1981	1560	2	2	1	-38.7515494,-62.1909912	-38.7515494	-62.1909912
313	1981	1565	1	1	2	-35.26602,-59.76758	-35.26602	-59.76758
314	1981	1570	1	1	2	-34.5436908,-58.5573611	-34.5436908	-58.5573611
315	1981	1575	1	1	2	-34.4759492,-58.5266774	-34.4759492	-58.5266774
316	1981	1580	2		1	-34.57278,-58.57194	-34.57278	-58.57194
317	1981	1585	2	2	2	-34.6108743,-58.8126303	-34.6108743	-58.8126303
318	1981	1590	2	2	1	-34.5407581,-58.5593957	-34.5407581	-58.5593957
319	1981	1595	1	1	2	-34.8491746,-58.3763091	-34.8491746	-58.3763091
320	1981	1600	1	1	2	-34.5077138,-58.482327	-34.5077138	-58.482327
321	1981	1605	2	2		-34.6582489013672,-58.7634506225586	-34.6582489	-58.76345062
322	1981	1610	2		1	-34.5378634,-58.4778251	-34.5378634	-58.4778251
323	1981	1615	1	1	2	-34.51677,-58.58342	-34.51677	-58.58342
324	1981	1620	1	1	2	-34.4997924,-58.5439352	-34.4997924	-58.5439352
325	1981	1625	1	1		-34.61919,-58.7282	-34.61919	-58.7282
326	1981	1630	1	1	2	-34.53965,-58.50354	-34.53965	-58.50354
327	1981	1635		1	2	-34.5145806,-58.5302712	-34.5145806	-58.5302712
328	1981	1640		2		-34.4878387451172,-58.4970397949219	-34.48783875	-58.49703979
329	1981	1645	2	1	2	-38.0420375,-57.5503251	-38.0420375	-57.5503251
330	1981	1650	1	1	2	-34.4930625,-58.5531102	-34.4930625	-58.5531102
331	1981	1655	2		2	-34.522,-58.49241	-34.522	-58.49241
332	1981	1660	1	1	2	-34.3824,-58.83143	-34.3824	-58.83143
333	1981	1665	2	2	1	-34.46955,-58.6516	-34.46955	-58.6516
334	1981	1670	1	1	1	-1.66377997398376,-78.6409378051758	-1.663779974	-78.64093781
335	1981	1675	2			-33.0432515,-71.3779294	-33.0432515	-71.3779294
336	1981	1680	1	1	2	-34.5074487,-58.5590985	-34.5074487	-58.5590985
337	1981	1685	2			-33.6907721,-59.6622535	-33.6907721	-59.6622535
338	1981	1690	2	2	1	-34.4821655,-58.6280829	-34.4821655	-58.6280829
339	1981	1695	1	1	2	-34.54137,-58.5643	-34.54137	-58.5643
340	1981	1700	2	2	2	-34.4627048,-58.520331	-34.4627048	-58.520331
341	1981	1705	1	1	2	-34.4530601,-58.5596	-34.4530601	-58.5596
342	1981	1710	1		2	-16.7147235870361,-64.657829284668	-16.71472359	-64.65782928
343	1981	1715	1	1	2	-38.0173259,-57.5545204	-38.0173259	-57.5545204
344	1981	1720		1	2	-34.7043662,-58.8133999	-34.7043662	-58.8133999
345	1981	1725	2	2	1	-34.4875653,-58.5008006	-34.4875653	-58.5008006
346	1981	1730	2	2	2	-34.4990097,-58.5175511	-34.4990097	-58.5175511
348	1981	1740	2		1	-34.3947258,-58.7308149	-34.3947258	-58.7308149
350	1981	1750	2	2	1	-34.4776938,-58.6249103	-34.4776938	-58.6249103
351	1981	1755	2	2	2	-34.5728259,-58.5238332	-34.5728259	-58.5238332
352	1981	1760	1	1	1	-34.4796616,-58.6191089	-34.4796616	-58.6191089
353	1981	1765	1	1	2	-34.565601348877,-58.5439605712891	-34.56560135	-58.54396057
355	1981	1775	2	1	2	-29.17026,-56.64098	-29.17026	-56.64098
356	1981	1780	2	2	1	-34.5059934,-58.5736552	-34.5059934	-58.5736552
357	1981	1785	2	2	1	-34.6369565,-58.5471874	-34.6369565	-58.5471874
359	1981	1795	1	1	2	-34.4772222,-58.5281207	-34.4772222	-58.5281207
360	1981	1800	2			-34.5688647,-58.7625962	-34.5688647	-58.7625962
361	1981	1805	2	2	1	-34.6083658,-58.7881616	-34.6083658	-58.7881616
362	1981	1810	2	2	1	28.09882,-15.47565	28.09882	-15.47565
363	1981	1815	2	2	1	-34.41405,-58.59822	-34.41405	-58.59822
364	1981	1820	2	2		-34.53399,-58.52474	-34.53399	-58.52474
365	1981	1825	2	2	1	-34.60632,-58.7519	-34.60632	-58.7519
366	1981	1830	2		1	36.4472312927246,-5.27300977706909	36.44723129	-5.273009777
368	1981	1840	2	2	1	-34.5246315002441,-58.5462303161621	-34.5246315	-58.54623032
369	1981	1845	2	2	1	-36.8832882,-60.3133603	-36.8832882	-60.3133603
370	1981	1850	2		2	-34.4786720275879,-58.528938293457	-34.47867203	-58.52893829
371	1981	1855	2	2	1	-34.42864,-58.65079	-34.42864	-58.65079
372	1981	1860	2	2	1	-34.3339964,-58.8044391	-34.3339964	-58.8044391
373	1981	1865	2	2	1	-34.4919153,-58.63519	-34.4919153	-58.63519
374	1981	1870	1	1	2	9.76622009277344,8.84539985656738	9.766220093	8.845399857
375	1981	1875	2	2	1	-34.472077,-58.5158704	-34.472077	-58.5158704
376	1981	1880	2	2	1	9.76622009277344,8.84539985656738	9.766220093	8.845399857
377	1981	1885	2	2		-34.5075887,-58.5006319	-34.5075887	-58.5006319
378	1981	1890	2		1	-34.81654,-58.35518	-34.81654	-58.35518
379	1981	1895	2	2	1	-34.696643,-58.612062	-34.696643	-58.612062
380	1981	1900	2	2		-34.7635953,-58.6407807	-34.7635953	-58.6407807
381	1981	1905	2	2	2	-34.80446,-58.34126	-34.80446	-58.34126
382	1981	1910	2	2	1	-34.8261389,-58.6468355	-34.8261389	-58.6468355
383	1981	1915	2	2	2	-34.69885,-58.42459	-34.69885	-58.42459
385	1981	1925	2	2	1	-34.7709029,-58.6269163	-34.7709029	-58.6269163
386	1981	1930	2	2	1	-34.77965,-58.2075	-34.77965	-58.2075
387	1981	1935	2	2	1	-34.90212,-58.39349	-34.90212	-58.39349
388	1981	1940		1	2	-34.7051774,-58.3092091	-34.7051774	-58.3092091
389	1981	1945			2	-34.6536363,-58.5771871	-34.6536363	-58.5771871
390	1981	1950	1	1	2	-34.6952612,-58.3684209	-34.6952612	-58.3684209
391	1981	1955	1	1	2	-34.7143,-58.28659	-34.7143	-58.28659
392	1981	1960	2	2	1	-34.75225,-58.3222	-34.75225	-58.3222
393	1981	1965	2	2	1	-34.6434035,-58.5775418	-34.6434035	-58.5775418
394	1981	1970	2	2	2	-34.7691541,-58.355879	-34.7691541	-58.355879
395	1981	1975	2	2		-34.7454856,-58.2846703	-34.7454856	-58.2846703
396	1981	1980	2	2	1	-34.71486,-58.5976308	-34.71486	-58.5976308
397	1981	1985	2	2	1	-34.74105,-58.3155	-34.74105	-58.3155
398	1981	1990	2	2	1	-34.7285,-58.38082	-34.7285	-58.38082
400	1981	2000	2	2	1	-34.7278831,-58.59159	-34.7278831	-58.59159
401	1981	2005	1	1	2	-34.729403,-58.261387	-34.729403	-58.261387
403	1981	2015		1	2	-34.8074001,-58.4031649	-34.8074001	-58.4031649
405	1981	2025	2		1	-34.7030321,-58.3298488	-34.7030321	-58.3298488
406	1981	2030	2	2	1	-34.7541952,-58.6180954	-34.7541952	-58.6180954
407	1981	2035	1	1	2	-34.6946856,-58.6121351	-34.6946856	-58.6121351
408	1981	2040	1	1	2	-34.6372777,-58.560705	-34.6372777	-58.560705
409	1981	2045	1	1	2	-34.659538,-58.5929017	-34.659538	-58.5929017
410	1981	2050	2	2		-34.67432,-58.41382	-34.67432	-58.41382
411	1981	2055			2	-34.5741077,-58.5333096	-34.5741077	-58.5333096
412	1981	2060	2	2	1	-34.76272,-58.27162	-34.76272	-58.27162
413	1981	2065	2	2	1	-34.7546920776367,-58.5798873901367	-34.75469208	-58.57988739
414	1981	2070	2	2	2	-13.1602401733398,-74.2252578735352	-13.16024017	-74.22525787
415	1981	2075	2	2	2	-34.7759883,-58.5926501	-34.7759883	-58.5926501
416	1981	2080	2		2	-34.7589605,-58.2688824	-34.7589605	-58.2688824
417	1981	2085	1	1	2	-34.6663672,-58.5487692	-34.6663672	-58.5487692
419	1981	2095	1	1	2	-34.75563,-58.32841	-34.75563	-58.32841
420	1981	2100	2	2	1	-34.6854336,-58.3298054	-34.6854336	-58.3298054
421	1981	2105	2		2	-34.6958704,-58.490627	-34.6958704	-58.490627
422	1981	2110	1	1	2	-34.78548,-58.20419	-34.78548	-58.20419
423	1981	2115	2	2		-34.781,-58.34857	-34.781	-58.34857
424	1981	2120	2	2	1	-34.90212,-58.39349	-34.90212	-58.39349
425	1981	2125			1	-34.6886947,-58.3179093	-34.6886947	-58.3179093
426	1981	2130	2	2	1	-34.7684701,-58.3166276	-34.7684701	-58.3166276
427	1981	2135	2	2	1	-34.88051,-58.39275	-34.88051	-58.39275
428	1981	2140	1	1	2	-34.78447,-58.35098	-34.78447	-58.35098
429	1981	2145	1	1	2	-34.72288,-58.24659	-34.72288	-58.24659
430	1981	2150	2	2	1	-34.88051,-58.39275	-34.88051	-58.39275
431	1981	2155	2	2	1	43.3390808105469,-1.4468400478363	43.33908081	-1.446840048
432	1981	2160	2	2	1	-34.855608,-58.3872413	-34.855608	-58.3872413
433	1981	2165	1	1	2	-34.80125,-58.39177	-34.80125	-58.39177
434	1981	2170	2	2		-34.75322,-58.21193	-34.75322	-58.21193
435	1981	2175	1	1	2	-34.68956,-58.61183	-34.68956	-58.61183
436	1981	2180	2		2	-34.7573534,-58.2869372	-34.7573534	-58.2869372
437	1981	2185	2	2	2	-34.6728782653809,-58.411449432373	-34.67287827	-58.41144943
438	1981	2190	2	2	1	-34.76305,-58.28596	-34.76305	-58.28596
439	1981	2195	2	2	1	-34.7451632,-58.5942917	-34.7451632	-58.5942917
440	1981	2200	2	2	1	-34.7098269,-58.3454568	-34.7098269	-58.3454568
441	1981	2205	2		2	-34.7912116,-58.3255072	-34.7912116	-58.3255072
442	1981	2210	2	2	1	-34.6517709,-58.5786895	-34.6517709	-58.5786895
443	1981	2215	1	1	2	-34.7594021,-58.1871342	-34.7594021	-58.1871342
444	1981	2220	2	2	2	-34.7366554,-58.5744074	-34.7366554	-58.5744074
445	1981	2225	2	2	1	-34.759124,-58.6060551	-34.759124	-58.6060551
446	1981	2230	1		1	-34.6870555,-58.5071083	-34.6870555	-58.5071083
447	1981	2235			2	-34.696199,-58.5084072	-34.696199	-58.5084072
448	1981	2240	2		1	-34.71612,-58.32108	-34.71612	-58.32108
449	1981	2245	2	2	1	-34.6605722,-58.5543548	-34.6605722	-58.5543548
450	1981	2250	1	1	2	-34.6636557,-58.353149	-34.6636557	-58.353149
452	1981	2260	2	2	1	-34.8663468,-58.3612202	-34.8663468	-58.3612202
453	1981	2265	2	2		-34.7615659,-58.2093102	-34.7615659	-58.2093102
454	1981	2270		2	2	-34.76054,-58.19402	-34.76054	-58.19402
455	1981	2275	1	1	2	-34.69901,-58.37859	-34.69901	-58.37859
457	1981	2285		1	2	-34.640617,-60.4833075	-34.640617	-60.4833075
458	1981	2290	2	2	1	-34.6278,-58.76527	-34.6278	-58.76527
459	1981	2295	2	2	1	-34.6563632,-58.3464068	-34.6563632	-58.3464068
460	1981	2300	2	2	1	-34.70911,-58.26836	-34.70911	-58.26836
461	1981	2305	1	1	2	-34.71586,-58.39899	-34.71586	-58.39899
462	1982	2310	2	2	1	-34.8878593444824,-58.384090423584	-34.88785934	-58.38409042
463	1982	2315	2	2		-34.7183223,-58.4038331	-34.7183223	-58.4038331
464	1982	2320	1	1	2	-34.7711058,-58.6066052	-34.7711058	-58.6066052
465	1982	2325	2	2		-34.737,-58.34665	-34.737	-58.34665
466	1982	2330	2	2	1	-34.73869,-58.36614	-34.73869	-58.36614
467	1982	2335	2	2	1	-34.7142,-58.38525	-34.7142	-58.38525
468	1982	2340	1	1	2	-34.82759,-58.41344	-34.82759	-58.41344
469	1982	2345	1	1	2	-34.77208,-58.28183	-34.77208	-58.28183
470	1982	2350	2		1	-34.78848,-58.32187	-34.78848	-58.32187
471	1982	2355	1	1	2	-34.72758,-58.39873	-34.72758	-58.39873
472	1982	2360	2		1	-34.6730949,-58.4306221	-34.6730949	-58.4306221
473	1982	2365	1	1	2	-34.6928919,-58.4817496	-34.6928919	-58.4817496
474	1982	2370	2	2		-34.8814328,-58.3921327	-34.8814328	-58.3921327
475	1982	2375	2	2	1	-34.686344,-58.5984452	-34.686344	-58.5984452
476	1982	2380	2	2	1	-34.7071629,-58.3490284	-34.7071629	-58.3490284
477	1982	2385	2	2	2	-34.70541,-58.29627	-34.70541	-58.29627
478	1982	2390	2	2	1	-34.6554301,-58.348275	-34.6554301	-58.348275
479	1982	2395	2	2	1	-34.640151,-58.5675976	-34.640151	-58.5675976
480	1982	2400	2	2	1	-34.704418182373,-58.3171691894531	-34.70441818	-58.31716919
481	1982	2405	2	2	1	-34.6875274,-58.3550027	-34.6875274	-58.3550027
482	1982	2410	2		2	-34.7043164,-58.2842992	-34.7043164	-58.2842992
483	1982	2415	1	1	2	-34.6922308,-58.5387644	-34.6922308	-58.5387644
484	1982	2420	2	2	1	-34.74209,-58.36914	-34.74209	-58.36914
485	1982	2425	2	2	1	-34.7929383,-58.2118584	-34.7929383	-58.2118584
486	1982	2430	2	2	2	18.7931900024414,100.779800415039	18.79319	100.7798004
487	1982	2435	2	2	1	-34.6632579,-58.3667024	-34.6632579	-58.3667024
488	1982	2440	1	1		-34.6914889,-58.6184209	-34.6914889	-58.6184209
489	1982	2445	2		1	-34.6590284,-58.3654462	-34.6590284	-58.3654462
490	1982	2450	2			-34.648073,-58.5436717	-34.648073	-58.5436717
491	1982	2455	2	2	1	-34.6278,-58.76527	-34.6278	-58.76527
492	1982	2460	2	2		-34.76545,-58.27459	-34.76545	-58.27459
493	1982	2465	1	1		18.2250633239746,-66.4789123535156	18.22506332	-66.47891235
494	1982	2470	2	2	1	-34.73179,-58.38073	-34.73179	-58.38073
495	1982	2475	2		1	-34.759558,-58.6481851	-34.759558	-58.6481851
497	1982	2485	1	1	2	-34.7353,-58.27424	-34.7353	-58.27424
498	1982	2490	2	2	1	-34.6590284,-58.3654462	-34.6590284	-58.3654462
499	1982	2495	2	2	1	-34.6739622,-58.5855157	-34.6739622	-58.5855157
500	1982	2500	2	2	1	-34.7546466,-58.6065314	-34.7546466	-58.6065314
501	1982	2505	1	1	2	18.7931900024414,100.779800415039	18.79319	100.7798004
502	1982	2510	2	2	1	-34.6844152,-58.3531508	-34.6844152	-58.3531508
503	1982	2515	2	2	1	-34.7169990539551,-58.5330009460449	-34.71699905	-58.53300095
504	1982	2520			1	-34.722446,-58.3354703	-34.722446	-58.3354703
505	1982	2525	2	2	1	-34.7100203,-58.5154976	-34.7100203	-58.5154976
506	1982	2530	2			-34.6426641,-58.5662138	-34.6426641	-58.5662138
508	1982	2540	2	2	1	18.7931900024414,100.779800415039	18.79319	100.7798004
509	1982	2545	2	2	1	-34.774600982666,-58.6470489501953	-34.77460098	-58.64704895
510	1982	2550	2	2	1	-34.6912942,-58.3128148	-34.6912942	-58.3128148
511	1982	2555	2	2		-34.6916831,-58.5133705	-34.6916831	-58.5133705
512	1982	2560	2			-34.77604,-58.31342	-34.77604	-58.31342
513	1982	2565	2	2	1	-34.722446,-58.3354703	-34.722446	-58.3354703
514	1982	2570	2	2	1	-34.7942533,-58.2331804	-34.7942533	-58.2331804
515	1982	2575	2	2	2	-34.84695,-58.38749	-34.84695	-58.38749
516	1982	2580	2	2	1	-34.7685612,-58.629802	-34.7685612	-58.629802
517	1982	2585	2	2	2	-34.80676,-58.39583	-34.80676	-58.39583
518	1982	2590	2		1	-34.78035,-58.3205	-34.78035	-58.3205
519	1982	2595	2	2	1	-34.73539,-58.26605	-34.73539	-58.26605
520	1982	2600	2	2		-34.6661588,-58.3863989	-34.6661588	-58.3863989
521	1982	2605	2	2	2	-34.7211546,-58.2603652	-34.7211546	-58.2603652
522	1982	2610	2	2	1	-34.79396,-58.34567	-34.79396	-58.34567
523	1982	2615	2	2	2	-34.6758573,-58.4097001	-34.6758573	-58.4097001
524	1982	2620	2		1	-34.7258662,-58.385874	-34.7258662	-58.385874
525	1983	2625	2	2	1	-34.6995928,-58.3737668	-34.6995928	-58.3737668
526	1983	2630	2	2	1	-34.6636557,-58.353149	-34.6636557	-58.353149
527	1983	2635	2	2	1	-34.6824762,-58.6123451	-34.6824762	-58.6123451
528	1983	2640		1	2	-34.8449907,-58.646575	-34.8449907	-58.646575
529	1983	2645			2	-34.7153084,-58.6011952	-34.7153084	-58.6011952
530	1983	2650	1	1	2	-28.59807,-62.94521	-28.59807	-62.94521
531	1983	2655	1	1	2	-34.72893,-58.34293	-34.72893	-58.34293
532	1983	2660	2	2	1	-34.8937,-58.3925	-34.8937	-58.3925
533	1983	2665	2	2	1	-34.76587,-58.31932	-34.76587	-58.31932
534	1983	2670	2	2	2	-34.86486,-58.3806	-34.86486	-58.3806
535	1983	2675	2	2		-34.6475486755371,-58.5555381774902	-34.64754868	-58.55553818
536	1983	2680	2	2	1	-34.6844482421875,-58.4921607971191	-34.68444824	-58.4921608
537	1983	2685	2	2	1	-34.8828387,-58.3980553	-34.8828387	-58.3980553
538	1983	2690	2	2	1	-34.7442262,-58.3191488	-34.7442262	-58.3191488
539	1983	2695	1	1	2	-34.8439292907715,-58.6421585083008	-34.84392929	-58.64215851
540	1983	2700	2	2	1	-34.70127,-58.29736	-34.70127	-58.29736
541	1983	2705	1	1	2	-34.7846899,-58.18546	-34.7846899	-58.18546
542	1983	2710	1	1	2	-34.7614253,-58.6419698	-34.7614253	-58.6419698
544	1983	2720	1	1	2	43.3390808105469,-1.4468400478363	43.33908081	-1.446840048
545	1983	2725	2		1	-34.730842,-58.6120854	-34.730842	-58.6120854
546	1983	2730	2	2	1	-34.73736,-58.36144	-34.73736	-58.36144
547	1983	2735	1	1	2	-34.7459688,-58.5987776	-34.7459688	-58.5987776
548	1983	2740	1	1	2	-34.6813102,-58.4265734	-34.6813102	-58.4265734
549	1983	2745	1	1	2	-34.77197,-58.21841	-34.77197	-58.21841
550	1983	2750	2	2		-34.7184432,-58.5583974	-34.7184432	-58.5583974
551	1983	2755			2	-34.852433,-58.3867862	-34.852433	-58.3867862
552	1983	2760	2	2	1	-34.6433228,-58.5666438	-34.6433228	-58.5666438
553	1983	2765	2	2	1	-34.76561,-58.2666	-34.76561	-58.2666
554	1983	2770	2	2	2	-34.6568852,-58.5261023	-34.6568852	-58.5261023
555	1983	2775	2	2	2	-34.8422,-58.64715	-34.8422	-58.64715
556	1983	2780	2		2	-34.71172,-58.28538	-34.71172	-58.28538
557	1983	2785	1	1	2	-34.74613,-58.27442	-34.74613	-58.27442
558	1983	2790	2	2	1	-34.78278,-58.22848	-34.78278	-58.22848
560	1983	2800	2	2	1	-28.59807,-62.94521	-28.59807	-62.94521
561	1983	2805	2		2	-34.70744,-58.30851	-34.70744	-58.30851
563	1983	2815	2	2		-34.6917526,-58.598113	-34.6917526	-58.598113
564	1983	2820	2	2	1	-34.6430594,-58.5638209	-34.6430594	-58.5638209
565	1983	2825	2		1	18.7931900024414,100.779800415039	18.79319	100.7798004
566	1983	2830	2	2	1	-34.7905156,-58.1947964	-34.7905156	-58.1947964
567	1983	2835	2	2	1	-34.73619,-58.34771	-34.73619	-58.34771
568	1983	2840	1	1	2	-34.7174039,-58.3371587	-34.7174039	-58.3371587
569	1983	2845	1	1	2	-34.6599191,-58.3436351	-34.6599191	-58.3436351
570	1983	2850	2	2	1	-34.732,-58.3695	-34.732	-58.3695
571	1983	2855	2	2	1	-34.67566,-58.41732	-34.67566	-58.41732
573	1983	2865	1	1	2	-34.7640727,-58.2988721	-34.7640727	-58.2988721
574	1983	2870	2	2		-34.6417292,-58.5660169	-34.6417292	-58.5660169
575	1983	2875	1	1	2	-34.6909092,-58.3495536	-34.6909092	-58.3495536
576	1983	2880	2		2	-34.7807533,-58.3567742	-34.7807533	-58.3567742
577	1983	2885	2	2	2	-34.6982643,-58.5045043	-34.6982643	-58.5045043
578	1983	2890	2	2	1	-34.7914009094238,-58.3475685119629	-34.79140091	-58.34756851
579	1983	2895	2	2	1	-34.6758083,-58.3859561	-34.6758083	-58.3859561
580	1983	2900	2	2	1	-34.774600982666,-58.6470489501953	-34.77460098	-58.64704895
581	1983	2905	2		2	-34.7098271,-58.6240096	-34.7098271	-58.6240096
582	1983	2910	2	2	1	-34.6928728,-58.368478	-34.6928728	-58.368478
583	1983	2915	1	1	2	-34.8609,-58.3831	-34.8609	-58.3831
584	1983	2920	2	2	2	-34.77235,-58.313	-34.77235	-58.313
585	1983	2925	2	2	1	-34.7523,-58.32674	-34.7523	-58.32674
586	1983	2930	1		1	-34.7306377,-58.576985	-34.7306377	-58.576985
587	1983	2935	2		2	-34.8260586,-58.4147074	-34.8260586	-58.4147074
588	1983	2940	2		1	-34.87947,-58.3817	-34.87947	-58.3817
589	1983	2945	2	2	1	-34.7804291,-58.6048107	-34.7804291	-58.6048107
590	1983	2950	1	1	2	-34.6824738,-58.3293189	-34.6824738	-58.3293189
591	1983	2955	2	2	2	-34.6512522,-58.3462014	-34.6512522	-58.3462014
592	1983	2960	2	2	1	-34.7082295,-58.2273931	-34.7082295	-58.2273931
593	1983	2965	2	2		-34.703698,-58.3172993	-34.703698	-58.3172993
594	1983	2970	2	2	2	43.3390808105469,-1.4468400478363	43.33908081	-1.446840048
595	1983	2975	1	1	2	-33.5494579,-61.1231988	-33.5494579	-61.1231988
596	1983	2980	2	2	1	-34.6549902,-58.534777	-34.6549902	-58.534777
597	1983	2985		1	2	-34.77133,-58.247	-34.77133	-58.247
598	1983	2990	2	2	1	-34.76858,-58.2893	-34.76858	-58.2893
599	1983	2995	2	2	1	-34.7223,-58.24931	-34.7223	-58.24931
600	1983	3000	2	2	1	-34.83248,-58.3862	-34.83248	-58.3862
601	1983	3005	1	1	2	-34.7637909,-58.6055195	-34.7637909	-58.6055195
602	1983	3010	2	2	1	-34.72259,-58.26138	-34.72259	-58.26138
603	1983	3015	2	2		-34.69504,-58.42041	-34.69504	-58.42041
604	1983	3020	1	1	2	-34.7122001647949,-58.5920486450195	-34.71220016	-58.59204865
605	1983	3025	2	2		-34.73223,-58.2361	-34.73223	-58.2361
606	1983	3030	2	2	1	-34.7724972,-58.1881067	-34.7724972	-58.1881067
607	1983	3035	2	2	1	-34.667121887207,-58.3566398620605	-34.66712189	-58.35663986
608	1983	3040	1	1	2	-34.77776,-58.28886	-34.77776	-58.28886
609	1983	3045	1	1	2	-34.6974109,-58.3550585	-34.6974109	-58.3550585
610	1983	3050	2		1	-34.70508,-58.40392	-34.70508	-58.40392
611	1983	3055	1	1	2	-34.7122001647949,-58.5920486450195	-34.71220016	-58.59204865
612	1984	3060	2		1	47.2630348205566,8.10871505737305	47.26303482	8.108715057
613	1984	3065	1	1	2	-34.73145,-58.3002	-34.73145	-58.3002
614	1984	3070	2	2		49.9832191467285,-126.845748901367	49.98321915	-126.8457489
615	1984	3075	2	2	1	-34.7956,-58.30425	-34.7956	-58.30425
616	1984	3080	2	2	1	-34.777,-58.20192	-34.777	-58.20192
617	1984	3085	2	2	2	-34.6813448,-58.3687955	-34.6813448	-58.3687955
618	1984	3090	2	2	1	-34.7546920776367,-58.5798873901367	-34.75469208	-58.57988739
620	1984	3100	2	2	1	-34.6486325,-58.3464766	-34.6486325	-58.3464766
621	1984	3105	2	2	1	43.3390808105469,-1.4468400478363	43.33908081	-1.446840048
623	1984	3115	1	1	2	-34.72041,-58.52453	-34.72041	-58.52453
624	1984	3120	2	2	1	-34.68409,-58.52117	-34.68409	-58.52117
625	1984	3125	2	2	1	-34.71747,-58.25826	-34.71747	-58.25826
626	1984	3130	2	2	2	-34.77086,-58.31649	-34.77086	-58.31649
627	1984	3135	2	2	1	-34.6678306,-58.3512015	-34.6678306	-58.3512015
629	1984	3145	2		1	-34.6668083,-58.3586775	-34.6668083	-58.3586775
630	1984	3150	2			-34.6654196,-58.5626149	-34.6654196	-58.5626149
631	1984	3155	2	2	1	-16.5664196014404,-69.0428771972656	-16.5664196	-69.0428772
632	1984	3160	2	2		-34.77235,-58.313	-34.77235	-58.313
634	1984	3170	2	2	1	-34.6856696,-58.6121684	-34.6856696	-58.6121684
635	1984	3175	2		1	-34.744138,-58.5800451	-34.744138	-58.5800451
637	1984	3185	1	1	2	-34.8631006,-58.3815744	-34.8631006	-58.3815744
638	1984	3190	2	2	1	-34.8878593444824,-58.384090423584	-34.88785934	-58.38409042
639	1984	3195	2	2	1	-34.70755,-58.4799	-34.70755	-58.4799
640	1984	3200	2	2	1	-34.7574792,-58.2240775	-34.7574792	-58.2240775
641	1984	3205	1	1	2	-34.6581818,-58.5285675	-34.6581818	-58.5285675
642	1984	3210	2	2	1	-34.7229,-58.29817	-34.7229	-58.29817
643	1984	3215	2	2	1	-34.7438506,-58.3357832	-34.7438506	-58.3357832
644	1984	3220			1	-34.6931168,-58.6262524	-34.6931168	-58.6262524
645	1984	3225	2	2	1	-34.68303,-58.42878	-34.68303	-58.42878
646	1984	3230	2			-34.7546920776367,-58.5798873901367	-34.75469208	-58.57988739
647	1984	3235	2	2	1	-34.6512135,-58.5525746	-34.6512135	-58.5525746
648	1984	3240	2	2	1	-34.9577903747559,-57.8832817077637	-34.95779037	-57.88328171
649	1984	3245	2	2	1	-34.7237457,-58.313906	-34.7237457	-58.313906
650	1984	3250	2	2	1	-34.7176553,-58.3378067	-34.7176553	-58.3378067
651	1984	3255	2	2		-34.81152,-58.54418	-34.81152	-58.54418
652	1984	3260	2			-34.73304,-58.26882	-34.73304	-58.26882
653	1984	3265	2	2	1	-34.8612348,-58.3964944	-34.8612348	-58.3964944
654	1984	3270	2	2	1	-34.6834931,-58.58856	-34.6834931	-58.58856
655	1984	3275	2	2	2	-34.73776,-58.34731	-34.73776	-58.34731
656	1984	3280	2	2	1	-34.79077,-58.36912	-34.79077	-58.36912
658	1984	3290	2		1	-34.7289644,-58.3000939	-34.7289644	-58.3000939
659	1984	3295	2	2	1	-34.8299674,-58.4416798	-34.8299674	-58.4416798
660	1984	3300	2	2		-34.7284727,-58.5696452	-34.7284727	-58.5696452
662	1984	3310	2	2	1	-34.7122001647949,-58.5920486450195	-34.71220016	-58.59204865
663	1984	3315	2	2	2	-34.8472391,-58.6495574	-34.8472391	-58.6495574
664	1984	3320	2		1	-33.88841,-60.54949	-33.88841	-60.54949
665	1984	3325	2	2	1	-34.7036411,-58.280601	-34.7036411	-58.280601
667	1984	3335	2	2	1	-34.7224,-58.31455	-34.7224	-58.31455
668	1984	3340		1	2	-34.7064628,-58.6088022	-34.7064628	-58.6088022
669	1984	3345			2	-34.6999588012695,-58.383861541748	-34.6999588	-58.38386154
670	1984	3350	1	1	2	-34.7169990539551,-58.5330009460449	-34.71699905	-58.53300095
671	1984	3355	1	1	2	-34.71071,-58.40327	-34.71071	-58.40327
672	1984	3360	2	2	1	-34.7162,-58.36023	-34.7162	-58.36023
673	1984	3365	2	2	1	-34.704418182373,-58.3171691894531	-34.70441818	-58.31716919
674	1984	3370	2	2	2	-34.82639,-58.39031	-34.82639	-58.39031
675	1984	3375	2	2		18.7931900024414,100.779800415039	18.79319	100.7798004
677	1984	3385	2	2	1	-34.7266594,-58.3247165	-34.7266594	-58.3247165
678	1984	3390	2	2	1	-34.73014,-58.3803	-34.73014	-58.3803
679	1984	3395	1	1	2	-34.704418182373,-58.3171691894531	-34.70441818	-58.31716919
681	1984	3405	1	1	2	-34.7102918,-58.5935716	-34.7102918	-58.5935716
682	1984	3410	1	1	2	-34.7595405578613,-58.2019462585449	-34.75954056	-58.20194626
683	1984	3415		1	2	-34.7169990539551,-58.5330009460449	-34.71699905	-58.53300095
684	1984	3420	1	1	2	-34.6530275,-58.5384841	-34.6530275	-58.5384841
685	1984	3425	2		1	-34.7316095,-58.2897652	-34.7316095	-58.2897652
686	1984	3430	2	2	1	-34.8878593444824,-58.384090423584	-34.88785934	-58.38409042
687	1984	3435	1	1	2	-34.7060327,-58.3373275	-34.7060327	-58.3373275
688	1984	3440	1	1	2	-34.6626677,-58.5331638	-34.6626677	-58.5331638
689	1984	3445	1	1	2	-34.82664,-58.38239	-34.82664	-58.38239
690	1984	3450	2	2		-34.6579568,-58.5673262	-34.6579568	-58.5673262
692	1984	3460	2	2	1	-34.6989112,-58.6262706	-34.6989112	-58.6262706
693	1984	3465	2	2	1	-34.705345,-58.6190547	-34.705345	-58.6190547
694	1984	3470	2	2	2	-34.71695,-58.36102	-34.71695	-58.36102
695	1984	3475	2	2	2	-34.5560216,-59.1108949	-34.5560216	-59.1108949
696	1984	3480	2		2	-34.7775231,-58.6123746	-34.7775231	-58.6123746
699	1984	3495	1	1	2	-34.7038861,-58.3170721	-34.7038861	-58.3170721
701	1984	3505	2		2	-34.6539516,-58.3490244	-34.6539516	-58.3490244
702	1984	3510	1	1	2	-34.77615,-58.30287	-34.77615	-58.30287
703	1984	3515	2	2		-34.73204,-58.24715	-34.73204	-58.24715
704	1984	3520	2	2	1	-34.708087,-58.2674104	-34.708087	-58.2674104
705	1984	3525	2		1	-34.74554,-58.32123	-34.74554	-58.32123
706	1984	3530	2	2	1	-34.13667,-59.00333	-34.13667	-59.00333
707	1984	3535	2	2	1	-34.7476894,-58.2751625	-34.7476894	-58.2751625
708	1984	3540	1	1	2	-34.69383,-58.41664	-34.69383	-58.41664
710	1984	3550	2	2	1	-34.72448,-58.31238	-34.72448	-58.31238
711	1985	3555	2	2	1	-34.7799459,-58.2186841	-34.7799459	-58.2186841
712	1985	3560	2	2	1	-34.73244,-58.23379	-34.73244	-58.23379
713	1985	3565	1	1	2	-34.76692,-58.3561	-34.76692	-58.3561
714	1985	3570	2	2		43.3390808105469,-1.4468400478363	43.33908081	-1.446840048
715	1985	3575	1	1	2	-34.6575805,-58.5480373	-34.6575805	-58.5480373
716	1985	3580	2		2	-34.7546920776367,-58.5798873901367	-34.75469208	-58.57988739
717	1985	3585	2	2	2	-34.679188,-58.3691818	-34.679188	-58.3691818
718	1985	3590	2	2	1	-34.78431,-58.33511	-34.78431	-58.33511
719	1985	3595	2	2	1	-34.6660528,-58.5774602	-34.6660528	-58.5774602
720	1985	3600	2	2	1	-34.74177,-58.3346	-34.74177	-58.3346
721	1985	3605			2	-34.76803,-58.30155	-34.76803	-58.30155
722	1985	3610	2	2	1	-34.7697507,-58.3076869	-34.7697507	-58.3076869
723	1985	3615	1	1	2	-34.699925,-58.3016656	-34.699925	-58.3016656
724	1985	3620	2	2	2	-34.6880993,-58.5950495	-34.6880993	-58.5950495
725	1985	3625	2	2	1	-34.7161062,-58.569963	-34.7161062	-58.569963
726	1985	3630	1		1	-34.67256,-58.41035	-34.67256	-58.41035
727	1985	3635	2		2	-34.77076,-58.29968	-34.77076	-58.29968
728	1985	3640	2		1	-34.6199708,-58.803329	-34.6199708	-58.803329
729	1985	3645	2	2	1	-34.68312,-58.42582	-34.68312	-58.42582
730	1985	3650	1	1	2	-34.684881,-58.6110988	-34.684881	-58.6110988
731	1985	3655	2	2	2	-34.8878593444824,-58.384090423584	-34.88785934	-58.38409042
732	1985	3660	2	2	1	-34.6546459,-58.5460132	-34.6546459	-58.5460132
733	1985	3665	2	2		-34.695768,-58.6065622	-34.695768	-58.6065622
734	1985	3670	2	2	2	-34.7431387,-58.5953821	-34.7431387	-58.5953821
735	1985	3675	1	1	2	-34.75874,-58.21158	-34.75874	-58.21158
736	1985	3680	2	2	1	-34.7632559,-58.6340596	-34.7632559	-58.6340596
737	1985	3685		1	2	-34.7115,-58.32816	-34.7115	-58.32816
738	1985	3690	2	2	1	-34.8508182,-58.6446023	-34.8508182	-58.6446023
739	1985	3695	2	2	1	-34.8824,-58.35985	-34.8824	-58.35985
740	1985	3700	2	2	1	-34.652194,-58.5575296	-34.652194	-58.5575296
741	1985	3705	1	1	2	-34.71451,-58.30634	-34.71451	-58.30634
743	1985	3715	2	2		-34.7304662,-58.532512	-34.7304662	-58.532512
744	1985	3720	1	1	2	-36.682366,-56.6825418	-36.682366	-56.6825418
745	1985	3725	2	2		-34.661578,-58.5310848	-34.661578	-58.5310848
746	1985	3730	2	2	1	3.90644907951355,-73.0750274658203	3.90644908	-73.07502747
748	1985	3740	1	1	2	-34.70736,-58.38637	-34.70736	-58.38637
751	1985	3755	1	1	2	-34.69682,-58.37197	-34.69682	-58.37197
752	1985	3760	2		1	-34.7247085571289,-58.3023109436035	-34.72470856	-58.30231094
753	1985	3765	1	1	2	-34.7195414,-58.5937874	-34.7195414	-58.5937874
754	1985	3770	2	2		-34.6579335,-58.524816	-34.6579335	-58.524816
755	1985	3775	2	2	1	-34.7027145,-58.3332575	-34.7027145	-58.3332575
757	1985	3785	2	2	2	-34.7771282,-58.3132101	-34.7771282	-58.3132101
758	1985	3790	2	2	1	-34.746647,-58.3245868	-34.746647	-58.3245868
759	1985	3795	2	2	1	-34.7122001647949,-58.5920486450195	-34.71220016	-58.59204865
760	1985	3800	2	2	1	-34.6798949,-58.4185284	-34.6798949	-58.4185284
761	1985	3805	2	2	1	-34.6629727,-58.3548757	-34.6629727	-58.3548757
763	1985	3815	1	1	2	-34.71486,-58.5976308	-34.71486	-58.5976308
765	1985	3825	2	2	1	-34.6636954,-58.3770615	-34.6636954	-58.3770615
767	1985	3835	2	2	1	-34.67177,-58.4007	-34.67177	-58.4007
768	1985	3840	1	1		-34.78245,-58.36618	-34.78245	-58.36618
770	1985	3850	2			62.5360412597656,-96.3883514404297	62.53604126	-96.38835144
772	1985	3860	2	2		-34.77273,-58.25093	-34.77273	-58.25093
773	1985	3865	1	1		-34.6602576,-58.3698232	-34.6602576	-58.3698232
774	1985	3870	2	2	1	-34.7595405578613,-58.2019462585449	-34.75954056	-58.20194626
775	1985	3875	2		1	-34.87592,-58.4083	-34.87592	-58.4083
776	1985	3880	1	1	2	-34.68582,-58.40264	-34.68582	-58.40264
778	1985	3890	2	2	1	-34.73236,-58.34849	-34.73236	-58.34849
779	1985	3895	2	2	1	-34.6848306,-58.5380396	-34.6848306	-58.5380396
780	1985	3900	2	2	1	-34.71316,-58.24315	-34.71316	-58.24315
781	1985	3905	1	1	2	-34.6958906,-58.603374	-34.6958906	-58.603374
782	1985	3910	2	2	1	-34.7076301574707,-58.5190086364746	-34.70763016	-58.51900864
784	1985	3920			1	-34.7132794,-58.392924	-34.7132794	-58.392924
785	1985	3925	2	2	1	-34.73178,-58.25045	-34.73178	-58.25045
786	1985	3930	2			-34.6634762,-58.5384041	-34.6634762	-58.5384041
787	1985	3935	2	2	1	-34.7081214,-58.5815558	-34.7081214	-58.5815558
788	1985	3940	2	2	1	-34.75564,-58.26138	-34.75564	-58.26138
789	1985	3945	2	2	1	-34.72198,-58.36662	-34.72198	-58.36662
790	1985	3950	2	2	1	-34.72602,-58.29752	-34.72602	-58.29752
791	1985	3955	2	2		-34.73521,-58.26623	-34.73521	-58.26623
792	1985	3960	2			-34.73221,-58.3441	-34.73221	-58.3441
793	1985	3965	2	2	1	-34.6890948,-58.5893439	-34.6890948	-58.5893439
794	1985	3970	2	2	1	-34.74224,-58.32461	-34.74224	-58.32461
795	1985	3975	2	2	2	-34.8234756,-58.6536518	-34.8234756	-58.6536518
796	1985	3980	2	2	1	-34.80038,-58.39701	-34.80038	-58.39701
798	1985	3990	1	1	2	-37.3176159,-59.1257672	-37.3176159	-59.1257672
799	1985	3995	2	2	1	-38.02092,-57.56927	-38.02092	-57.56927
800	1985	4000	1	1	2	-38.7238573,-62.2707378	-38.7238573	-62.2707378
801	1985	4005	1	1	2	-38.7332757,-62.2752945	-38.7332757	-62.2752945
802	1985	4010		1	2	-37.9776431,-57.5947359	-37.9776431	-57.5947359
803	1985	4015	1	1		-38.0575,-57.57023	-38.0575	-57.57023
804	1985	4020	2	2	1	-38.39269,-60.27688	-38.39269	-60.27688
805	1985	4025	2		1	-37.31266,-59.13898	-37.31266	-59.13898
806	1985	4030	1	1	2	-37.97727,-57.59659	-37.97727	-57.59659
807	1985	4035	1	1	2	-37.316348,-59.1427537	-37.316348	-59.1427537
808	1985	4040	2		1	-37.3198536,-59.1192794	-37.3198536	-59.1192794
809	1985	4045	1	1	2	-37.9800353,-57.5655932	-37.9800353	-57.5655932
810	1985	4050	1	1	2	-37.9982449,-57.5539498	-37.9982449	-57.5539498
811	1985	4055	1	1	2	-34.7538378,-58.3022863	-34.7538378	-58.3022863
812	1985	4060	1	1	2	-34.850082,-58.0931912	-34.850082	-58.0931912
813	1985	4065	1	1		-37.3272149,-59.1311143	-37.3272149	-59.1311143
814	1985	4070			2	-33.9000554,-60.5573795	-33.9000554	-60.5573795
815	1985	4075	1	1		-38.7235341,-62.2619059	-38.7235341	-62.2619059
816	1985	4080	2		2	-38.0068554,-57.550613	-38.0068554	-57.550613
817	1985	4085	2	2	1	-34.9074392,-58.0230672	-34.9074392	-58.0230672
818	1985	4090	1	1	2	-37.3188822,-59.1076672	-37.3188822	-59.1076672
819	1985	4095	2	2	1	-37.9313463,-57.5324393	-37.9313463	-57.5324393
820	1985	4100	1	1	2	-34.3987158,-58.7295266	-34.3987158	-58.7295266
821	1986	4105	2	2	1	-33.9129736,-60.5952056	-33.9129736	-60.5952056
822	1986	4110	2	2	1	-34.9350002,-57.9635176	-34.9350002	-57.9635176
823	1986	4115	2		2	-34.9372247,-57.9381614	-34.9372247	-57.9381614
824	1986	4120	2	2	1	-37.99248,-57.57362	-37.99248	-57.57362
825	1986	4125	2	2	1	-38.11149,-57.58434	-38.11149	-57.58434
826	1986	4130	1	1	2	-34.5489043,-59.1043263	-34.5489043	-59.1043263
827	1986	4135	2	2	2	-37.3376628,-59.1192061	-37.3376628	-59.1192061
828	1986	4140		1	2	-37.97154,-57.59634	-37.97154	-57.59634
829	1986	4145	2	2	2	-37.97346,-57.56537	-37.97346	-57.56537
830	1986	4150	1	1	2	-34.931371,-57.9568569	-34.931371	-57.9568569
831	1986	4155	1	1	2	-37.9897113,-57.5776305	-37.9897113	-57.5776305
832	1986	4160	1	1	2	-34.885929107666,-57.9885292053223	-34.88592911	-57.98852921
833	1986	4165		1		-38.00981,-57.55578	-38.00981	-57.55578
834	1986	4170		2		-37.3010475,-59.1598157	-37.3010475	-59.1598157
835	1986	4175	1	1	2	-37.3077696,-59.15599	-37.3077696	-59.15599
836	1986	4180	1	1	2	-37.959951,-57.5969626	-37.959951	-57.5969626
838	1986	4190	1	1	2	-38.00331,-57.54524	-38.00331	-57.54524
839	1986	4195	2	2	2	-34.8826501,-58.0761151	-34.8826501	-58.0761151
840	1986	4200	2	2	1	39.2960244912552,-94.7141020372611	39.29602449	-94.71410204
841	1986	4205	2	2	1	-34.9129389,-57.9781683	-34.9129389	-57.9781683
842	1986	4210		1	2	-38.7334992,-62.2663641	-38.7334992	-62.2663641
843	1986	4215	2		1	-37.9626242,-57.6065374	-37.9626242	-57.6065374
844	1986	4220	2	2		-34.9739887,-57.9914748	-34.9739887	-57.9914748
845	1986	4225	2	2	1	-38.7143452,-62.2659578	-38.7143452	-62.2659578
846	1986	4230	2	1	2	-37.31282,-59.0926	-37.31282	-59.0926
847	1986	4235	1	1	2	-37.9962184,-57.5488103	-37.9962184	-57.5488103
848	1986	4240	1	1	2	-34.9514943,-57.9429859	-34.9514943	-57.9429859
849	1986	4245	1	1	2	-37.333759,-59.1143028	-37.333759	-59.1143028
850	1986	4250			2	-37.3118693,-59.1381327	-37.3118693	-59.1381327
851	1986	4255	1	1	2	-34.917471,-57.9230693	-34.917471	-57.9230693
852	1986	4260				-38.04191,-57.56839	-38.04191	-57.56839
853	1986	4265	2	2		-34.8685875,-58.0487576	-34.8685875	-58.0487576
854	1986	4270	1	1	2	-38.0364854,-57.5776162	-38.0364854	-57.5776162
855	1986	4275		1	2	-34.8658581,-58.0463713	-34.8658581	-58.0463713
856	1986	4280	2	2	2	-37.3235654,-59.1185394	-37.3235654	-59.1185394
857	1986	4285	1	1	2	-34.9226632,-57.9759835	-34.9226632	-57.9759835
858	1986	4290	2	2	1	-34.8607821,-58.0438821	-34.8607821	-58.0438821
859	1986	4295	2	1	2	-34.86826,-58.1	-34.86826	-58.1
860	1986	4300		1	2	-34.7405672,-58.3180215	-34.7405672	-58.3180215
861	1986	4305	1	1	2	-37.9927563,-57.5796764	-37.9927563	-57.5796764
862	1986	4310	1	1	2	-37.3258735,-59.1229925	-37.3258735	-59.1229925
863	1986	4315	2	2	1	-34.9532833,-57.8977082	-34.9532833	-57.8977082
864	1986	4320	1	1	2	-37.3146945,-59.1479135	-37.3146945	-59.1479135
865	1986	4325	1	1	2	-34.9393663,-57.901635	-34.9393663	-57.901635
866	1986	4330	2		2	-38.7255927,-62.2708189	-38.7255927	-62.2708189
867	1986	4335	1	1	2	-34.8799294,-57.881541	-34.8799294	-57.881541
868	1986	4340	2	2	1	-34.3813522,-58.7433787	-34.3813522	-58.7433787
869	1986	4345	1	1	2	-37.3139571,-59.1365345	-37.3139571	-59.1365345
870	1986	4350	2	2	2	-34.9572974,-57.8978428	-34.9572974	-57.8978428
871	1986	4355	1	1	2	-38.7078215,-62.2656287	-38.7078215	-62.2656287
873	1986	4365	1	1	2	-37.9853281,-57.5965502	-37.9853281	-57.5965502
875	1986	4375	2	2	1	-34.8612899780273,-58.0881996154785	-34.86128998	-58.08819962
876	1986	4380	1	1	2	-37.97834,-57.56773	-37.97834	-57.56773
877	1986	4385	1		2	-37.9974098205566,-57.5484580993652	-37.99740982	-57.5484581
878	1986	4390	2	2	1	-37.3057821,-59.1524295	-37.3057821	-59.1524295
879	1986	4395	2	2		-37.9910551,-57.5714645	-37.9910551	-57.5714645
880	1986	4400	1	1	2	-34.922233,-57.9704774	-34.922233	-57.9704774
881	1986	4405	1	1		-37.2864626,-59.1424551	-37.2864626	-59.1424551
882	1986	4410	1	1	2	-38.0111449,-57.5491089	-38.0111449	-57.5491089
883	1986	4415			2	-38.02976,-57.56359	-38.02976	-57.56359
884	1986	4420	1	1		-38.7264498,-62.2437294	-38.7264498	-62.2437294
885	1986	4425	2	2	1	-34.9359172,-57.9335402	-34.9359172	-57.9335402
886	1986	4430	1	1		-37.3102998,-59.1329464	-37.3102998	-59.1329464
887	1986	4435	2	2	2	-34.9243325,-57.9270063	-34.9243325	-57.9270063
888	1986	4440	2	2	2	-34.8612899780273,-58.0881996154785	-34.86128998	-58.08819962
889	1986	4445	2	2		-37.9983519,-57.5689277	-37.9983519	-57.5689277
890	1986	4450	1	1	2	-37.3169486,-59.127988	-37.3169486	-59.127988
891	1986	4455	2	2	1	-38.0166989,-57.5624549	-38.0166989	-57.5624549
892	1986	4460	2	2	2	-37.3153341,-59.0822658	-37.3153341	-59.0822658
893	1986	4465	1	1		-34.88119,-58.05758	-34.88119	-58.05758
894	1986	4470	2		1	-34.85452,-58.07037	-34.85452	-58.07037
895	1986	4475	2	2	2	-34.6229709,-58.6440868	-34.6229709	-58.6440868
896	1986	4480	2	2	2	-37.330138,-59.1095971	-37.330138	-59.1095971
897	1986	4485				-34.885929107666,-57.9885292053223	-34.88592911	-57.98852921
898	1986	4490	2		2	-34.9259328,-57.9617078	-34.9259328	-57.9617078
899	1986	4495	2	2	1	-34.9407974,-57.9608824	-34.9407974	-57.9608824
900	1986	4500	2		2	-37.3216257,-59.1470631	-37.3216257	-59.1470631
901	1986	4505	2	2	2	-38.0070025,-57.5461645	-38.0070025	-57.5461645
902	1986	4510	1	1	2	-37.9800353,-57.5655932	-37.9800353	-57.5655932
903	1986	4515	1	1	2	-33.9018667,-60.5572576	-33.9018667	-60.5572576
904	1986	4520	1	1	2	-38.0128189,-57.5508721	-38.0128189	-57.5508721
905	1986	4525	1	1		-33.8943181,-60.5720927	-33.8943181	-60.5720927
906	1986	4530	2	1	2	-37.3007169,-59.1598743	-37.3007169	-59.1598743
907	1986	4535	1	1	2	-37.3276759,-59.1342958	-37.3276759	-59.1342958
908	1986	4540				-37.9438703,-57.5661255	-37.9438703	-57.5661255
909	1986	4545		1	2	-37.330134,-59.1214993	-37.330134	-59.1214993
910	1986	4550			2	-34.9160386,-57.9339287	-34.9160386	-57.9339287
911	1986	4555	2	1		-37.994719,-57.5547871	-37.994719	-57.5547871
912	1986	4560	1	1		-38.02716,-57.57211	-38.02716	-57.57211
913	1986	4565	2	2	1	-34.9395309,-58.0119243	-34.9395309	-58.0119243
914	1986	4570	2		1	-38.0013363,-57.5702118	-38.0013363	-57.5702118
915	1986	4575			1	-37.97092,-57.58022	-37.97092	-57.58022
916	1986	4580	2	2	1	-38.00973,-57.54931	-38.00973	-57.54931
917	1986	4585	2		1	-37.2916158,-59.1487227	-37.2916158	-59.1487227
918	1986	4590	1	1	2	-34.9819004,-57.9964521	-34.9819004	-57.9964521
919	1986	4595	2	2	1	-37.30649,-59.10077	-37.30649	-59.10077
920	1986	4600	1	1	2	-34.98435,-58.09275	-34.98435	-58.09275
921	1986	4605	1	1	2	-38.715164,-62.2623006	-38.715164	-62.2623006
922	1986	4610		1	2	-33.9027741,-60.588208	-33.9027741	-60.588208
923	1986	4615	1	1		-33.8918376,-60.5673468	-33.8918376	-60.5673468
924	1986	4620	2	2	1	-38.0273265,-57.5609423	-38.0273265	-57.5609423
925	1986	4625	2		1	-38.00429,-57.55028	-38.00429	-57.55028
926	1986	4630	1	1	2	-33.89097,-60.56103	-33.89097	-60.56103
927	1986	4635	1	1	2	-37.3149638,-59.1294978	-37.3149638	-59.1294978
928	1986	4640	2		1	-33.8836192,-60.5757809	-33.8836192	-60.5757809
929	1986	4645	1	1	2	-34.8612899780273,-58.0881996154785	-34.86128998	-58.08819962
930	1986	4650	1	1	2	-34.9099305,-57.9698017	-34.9099305	-57.9698017
931	1986	4655	1	1	2	-37.30173,-59.15934	-37.30173	-59.15934
932	1986	4660	2	1	2	-35.065328,-58.1663403	-35.065328	-58.1663403
933	1986	4665	2	1		-38.0196548,-57.5630233	-38.0196548	-57.5630233
934	1986	4670			2	-37.98696,-57.57328	-37.98696	-57.57328
935	1986	4675	1	1		-34.9179205,-57.9567218	-34.9179205	-57.9567218
936	1986	4680	2		2	-38.0095694,-57.5478291	-38.0095694	-57.5478291
937	1986	4685	2	2	1	-37.30649,-59.10077	-37.30649	-59.10077
938	1986	4690	1	1	2	-37.3364876,-59.1338887	-37.3364876	-59.1338887
939	1986	4695	2	2	1	-33.8929724,-60.5810618	-33.8929724	-60.5810618
940	1986	4700	1	1	2	-38.0061212,-57.5454266	-38.0061212	-57.5454266
941	1986	4705	2	2	1	-37.3225289,-59.1530018	-37.3225289	-59.1530018
942	1987	4710	2	2	1	-33.8911838,-60.5782279	-33.8911838	-60.5782279
943	1987	4715	2		2	-37.32586,-59.126759	-37.32586	-59.126759
944	1987	4720	2	2	1	-34.9163654,-57.9529365	-34.9163654	-57.9529365
946	1987	4730	1	1	2	-38.6932533,-62.2691863	-38.6932533	-62.2691863
947	1987	4735	2	2	2	-38.0438885,-57.5932229	-38.0438885	-57.5932229
948	1987	4740		1	2	-38.0031419,-57.5426219	-38.0031419	-57.5426219
949	1987	4745	2	2	2	-37.3215829,-59.1545233	-37.3215829	-59.1545233
950	1987	4750	1	1	2	-33.9030127,-60.5637285	-33.9030127	-60.5637285
951	1987	4755	1	1	2	-37.3056693,-59.1409653	-37.3056693	-59.1409653
952	1987	4760	1	1	2	-37.28965,-59.16995	-37.28965	-59.16995
953	1987	4765		1		-37.318441,-59.1397823	-37.318441	-59.1397823
954	1987	4770		2		-34.9633813,-57.9680686	-34.9633813	-57.9680686
955	1987	4775	1	1	2	-34.3990243,-58.7296599	-34.3990243	-58.7296599
956	1987	4780	1	1	2	-38.7129858,-62.2636849	-38.7129858	-62.2636849
957	1987	4785	2	1	2	-38.00931,-57.54582	-38.00931	-57.54582
958	1987	4790	1	1	2	-34.4464,-58.76646	-34.4464	-58.76646
959	1987	4795	2	2	2	-37.27701,-59.36217	-37.27701	-59.36217
961	1987	4805	2	2	1	-34.9239567,-57.9485974	-34.9239567	-57.9485974
962	1987	4810		1	2	-38.00925,-57.54206	-38.00925	-57.54206
963	1987	4815	2		1	-37.9961492,-57.5508152	-37.9961492	-57.5508152
964	1987	4820	2	2		-37.3065466,-59.1188174	-37.3065466	-59.1188174
965	1987	4825	2	2	1	-37.9859666,-57.6012778	-37.9859666	-57.6012778
966	1987	4830	2	1	2	-38.05906,-57.54794	-38.05906	-57.54794
967	1987	4835	1	1	2	-34.8828122,-57.9655554	-34.8828122	-57.9655554
968	1987	4840	1	1	2	-38.0376687,-57.565564	-38.0376687	-57.565564
969	1987	4845	1	1	2	18.7931900024414,100.779800415039	18.79319	100.7798004
970	1987	4850			2	-38.7104734,-62.4026974	-38.7104734	-62.4026974
971	1987	4855	1	1	2	-33.8918842,-60.5770211	-33.8918842	-60.5770211
972	1987	4860				-37.3357025,-59.1221986	-37.3357025	-59.1221986
973	1987	4865	2	2		-38.0094839,-57.542113	-38.0094839	-57.542113
974	1987	4870	1	1	2	-38.7233502,-62.3107034	-38.7233502	-62.3107034
975	1987	4875		1	2	-34.9549433,-57.9794129	-34.9549433	-57.9794129
977	1987	4885	1	1	2	-38.020125,-57.6265819	-38.020125	-57.6265819
978	1987	4890	2	2	1	-37.3176679,-59.1193293	-37.3176679	-59.1193293
979	1987	4895	2	1	2	-34.8674395,-58.0398931	-34.8674395	-58.0398931
980	1987	4900		1	2	-37.32197,-59.121857	-37.32197	-59.121857
981	1987	4905	1	1	2	-38.0051,-57.54835	-38.0051	-57.54835
983	1987	4915	2	2	1	-37.2853399,-59.1406545	-37.2853399	-59.1406545
984	1987	4920	1	1	2	-37.9636327,-57.6291812	-37.9636327	-57.6291812
985	1987	4925	1	1	2	-34.9466849,-57.9414101	-34.9466849	-57.9414101
986	1987	4930	2		2	-37.9661748,-57.5471441	-37.9661748	-57.5471441
987	1987	4935	1	1	2	-34.87883,-58.06551	-34.87883	-58.06551
988	1987	4940	2	2	1	-38.0015859,-57.5483537	-38.0015859	-57.5483537
989	1987	4945	1	1	2	-37.34697,-59.13407	-37.34697	-59.13407
990	1987	4950	2	2	2	-34.9264451,-57.9571678	-34.9264451	-57.9571678
991	1987	4955	1	1	2	-34.9446356,-57.9481827	-34.9446356	-57.9481827
992	1987	4960	2	2		-37.9694497,-57.5661317	-37.9694497	-57.5661317
993	1987	4965	1	1	2	-38.0534212,-57.5603421	-38.0534212	-57.5603421
994	1987	4970	2		2	-38.0104644,-57.5485543	-38.0104644	-57.5485543
995	1987	4975	2	2	1	-37.3248247,-59.0931307	-37.3248247	-59.0931307
996	1987	4980	1	1	2	-34.5476662,-59.1056031	-34.5476662	-59.1056031
997	1987	4985	1		2	-38.00831,-57.56375	-38.00831	-57.56375
998	1987	4990	2	2	1	-34.99189,-57.85277	-34.99189	-57.85277
1000	1987	5000	2	1	2	-37.3111986,-59.1241893	-37.3111986	-59.1241893
1001	1987	5005	1	1		18.7931900024414,100.779800415039	18.79319	100.7798004
1002	1987	5010	1	1	2	-34.5489648,-59.104285	-34.5489648	-59.104285
1003	1987	5015			2	-37.96613,-57.60612	-37.96613	-57.60612
1004	1987	5020	1	1		-38.695967,-62.277586	-38.695967	-62.277586
1005	1987	5025	2	2	1	-37.3375116,-59.1315155	-37.3375116	-59.1315155
1006	1987	5030	1	1		-33.902054,-60.5858092	-33.902054	-60.5858092
1007	1987	5035	2	2	2	-37.9974098205566,-57.5484580993652	-37.99740982	-57.5484581
1008	1987	5040	2	1	2	-34.8674755,-58.0431529	-34.8674755	-58.0431529
1009	1987	5045	2	2		-37.3230374,-59.1184824	-37.3230374	-59.1184824
1010	1987	5050	1	1	2	-34.9743194580078,-58.0252304077148	-34.97431946	-58.02523041
1011	1987	5055	2	2	1	-34.9754081,-57.8528172	-34.9754081	-57.8528172
1012	1987	5060	2	2	2	-34.9416896,-57.9583881	-34.9416896	-57.9583881
1013	1987	5065	1	1		-37.9849211,-57.6021098	-37.9849211	-57.6021098
1014	1987	5070	2		1	-34.9539168,-57.966408	-34.9539168	-57.966408
1015	1987	5075	2	1	2	-38.06392,-57.56069	-38.06392	-57.56069
1016	1987	5080	2	1	2	-34.8590759,-58.0733815	-34.8590759	-58.0733815
1017	1987	5085				-34.9396415,-57.9868007	-34.9396415	-57.9868007
1018	1987	5090			2	-34.6765579,-58.5093499	-34.6765579	-58.5093499
1019	1987	5095	2	2	1	-37.2988339,-59.1575602	-37.2988339	-59.1575602
1020	1987	5100	2		2	-37.3208,-59.122557	-37.3208	-59.122557
1021	1987	5105	2	2	2	-34.5501777,-59.1034203	-34.5501777	-59.1034203
1022	1987	5110	1	1	2	-37.937672,-57.5593919	-37.937672	-57.5593919
1023	1987	5115	1	1	2	-34.3994153,-58.7293356	-34.3994153	-58.7293356
1024	1987	5120	1	1	2	-38.0369819,-57.5695197	-38.0369819	-57.5695197
1025	1987	5125	1	1		-35.0747613,-58.2805572	-35.0747613	-58.2805572
1026	1987	5130	2	1	2	-37.9628668,-57.5926588	-37.9628668	-57.5926588
1027	1987	5135	1	1	2	-38.7381015,-62.2430685	-38.7381015	-62.2430685
1028	1987	5140		1		-33.8872149,-60.5583614	-33.8872149	-60.5583614
1029	1987	5145		1	2	-33.9162501,-60.5856396	-33.9162501	-60.5856396
1030	1987	5150			2	-37.9788946,-57.5718929	-37.9788946	-57.5718929
1032	1987	5160	1	1		-37.3303837,-59.1492242	-37.3303837	-59.1492242
1033	1987	5165	2	2	1	-38.0552487,-57.5744299	-38.0552487	-57.5744299
1034	1987	5170	2		1	-33.8933813,-60.5605525	-33.8933813	-60.5605525
1035	1987	5175		1	1	-37.9992783,-57.5445271	-37.9992783	-57.5445271
1036	1987	5180	2	2	1	-38.731433,-62.2954048	-38.731433	-62.2954048
1037	1987	5185	2		1	-37.3093066,-59.1259782	-37.3093066	-59.1259782
1038	1987	5190	1	1	2	-37.9974098205566,-57.5484580993652	-37.99740982	-57.5484581
1039	1987	5195	2	2	1	-37.99872,-57.57769	-37.99872	-57.57769
1040	1987	5200	1	1	2	-37.9940077,-57.5650249	-37.9940077	-57.5650249
1041	1987	5205	1	1	2	-34.9782392,-57.9891496	-34.9782392	-57.9891496
1042	1987	5210		1	2	-38.00714,-57.59422	-38.00714	-57.59422
1043	1987	5215	1	1		-38.00232,-57.54528	-38.00232	-57.54528
1044	1987	5220	2	2	1	-37.3046426,-59.1547556	-37.3046426	-59.1547556
1045	1987	5225	2		1	-34.9122719,-57.9479785	-34.9122719	-57.9479785
1046	1987	5230	1	1	2	-38.01721,-57.53888	-38.01721	-57.53888
1047	1987	5235	1	1	2	-34.8833607,-57.9746024	-34.8833607	-57.9746024
1048	1987	5240	2		1	-38.0300891,-57.6035399	-38.0300891	-57.6035399
1049	1987	5245	1	1	2	-34.9139099121094,-57.9463500976562	-34.91390991	-57.9463501
1050	1987	5250	1	1	2	-37.99728,-57.56822	-37.99728	-57.56822
1051	1987	5255	1	1	2	-37.290281,-59.1714755	-37.290281	-59.1714755
1052	1987	5260	2	1	2	-37.99541,-57.55748	-37.99541	-57.55748
1053	1987	5265	2	1		-34.5660761,-59.0932228	-34.5660761	-59.0932228
1054	1987	5270			2	-38.7145142,-62.261752	-38.7145142	-62.261752
1055	1987	5275	2	2		-37.9825109,-57.5918964	-37.9825109	-57.5918964
1056	1987	5280	2		2	-38.7764015197754,-62.2462615966797	-38.77640152	-62.2462616
1057	1987	5285	2	2	1	-37.9372047,-57.5567289	-37.9372047	-57.5567289
1058	1987	5290	1	1	2	-37.3369076,-59.1215535	-37.3369076	-59.1215535
1059	1987	5295	2	2	1	-37.3216345,-59.1546601	-37.3216345	-59.1546601
1060	1987	5300	1	1	2	-38.7111279,-62.4035016	-38.7111279	-62.4035016
1061	1987	5305	2	2	1	-38.0176513,-57.5543924	-38.0176513	-57.5543924
1062	1987	5310	2	2	1	-34.9264632,-57.9818464	-34.9264632	-57.9818464
1063	1987	5315	2		2	-38.0037276,-57.5434831	-38.0037276	-57.5434831
1064	1987	5320	2	2	1	-34.9136495,-57.9533969	-34.9136495	-57.9533969
1065	1987	5325	2	2	1	-38.7199599,-62.256707	-38.7199599	-62.256707
1066	1987	5330	1	1	2	-33.8976099,-60.5694691	-33.8976099	-60.5694691
1067	1987	5335	2	2	2	-38.01173,-57.55759	-38.01173	-57.55759
1068	1987	5340		1	2	-37.3387256,-59.1396951	-37.3387256	-59.1396951
1069	1987	5345	2	1	2	-33.8793124,-60.5817584	-33.8793124	-60.5817584
1070	1987	5350	1	1	2	-35.0763889,-58.2822557	-35.0763889	-58.2822557
1071	1987	5355	1	1	2	-38.0088598,-57.5476616	-38.0088598	-57.5476616
1072	1987	5360	1	1	2	-37.297927,-59.156013	-37.297927	-59.156013
1073	1987	5365		1		-34.8840865,-57.9938131	-34.8840865	-57.9938131
1074	1987	5370		2		-35.08869,-58.07205	-35.08869	-58.07205
1075	1987	5375	1	1	2	-37.3138649,-59.1304017	-37.3138649	-59.1304017
1076	1987	5380	1	1	2	-37.2989569,-59.1572509	-37.2989569	-59.1572509
1077	1987	5385	2	1	2	-37.99694,-57.55749	-37.99694	-57.55749
1078	1987	5390	1	1	2	-34.2777316,-59.103872	-34.2777316	-59.103872
1079	1987	5395	2	1	2	-33.76553,-60.65406	-33.76553	-60.65406
1080	1987	5400	2	2	1	-38.7248108,-62.2775104	-38.7248108	-62.2775104
1081	1987	5405	2	2	1	-34.9441241,-58.04827	-34.9441241	-58.04827
1082	1987	5410		1	2	-38.00635,-57.54768	-38.00635	-57.54768
1083	1987	5415	2		1	-37.3100095,-59.1768715	-37.3100095	-59.1768715
1084	1988	5420	2	2		-38.7764015197754,-62.2462615966797	-38.77640152	-62.2462616
1085	1988	5425	2	2	1	-34.9372247,-57.9381614	-34.9372247	-57.9381614
1086	1988	5430	2	1	2	-38.0441,-57.55596	-38.0441	-57.55596
1087	1988	5435	1	1	2	-38.6985415,-62.3031316	-38.6985415	-62.3031316
1088	1988	5440	1	1	2	-33.76374,-60.65249	-33.76374	-60.65249
1089	1988	5445	1	1	2	-33.8954432,-60.5866136	-33.8954432	-60.5866136
1090	1988	5450			2	-37.9974098205566,-57.5484580993652	-37.99740982	-57.5484581
1091	1988	5455	1	1	2	-34.9541293,-57.9632842	-34.9541293	-57.9632842
1092	1988	5460				-34.7402348,-58.3183986	-34.7402348	-58.3183986
1093	1988	5465	2	2		-38.371166,-60.2834825	-38.371166	-60.2834825
1094	1988	5470	1	1	2	-37.3357644,-59.1192665	-37.3357644	-59.1192665
1095	1988	5475		1	2	-38.00843,-57.5391	-38.00843	-57.5391
1096	1988	5480	2	2	2	-38.0293463,-57.6045312	-38.0293463	-57.6045312
1097	1988	5485	1	1	2	-38.379997,-60.2944189	-38.379997	-60.2944189
1098	1988	5490	2	2	1	-37.3390582,-59.1220663	-37.3390582	-59.1220663
1099	1988	5495	2	1	2	-37.3098073,-59.1486847	-37.3098073	-59.1486847
1100	1988	5500		1	2	-37.3368078,-59.1451318	-37.3368078	-59.1451318
1101	1988	5505	1	1	2	-34.9088099,-57.9659084	-34.9088099	-57.9659084
1102	1988	5510	1	1	2	-38.04487,-57.56758	-38.04487	-57.56758
1103	1988	5515	2	2	1	-37.9566933,-57.625429	-37.9566933	-57.625429
1104	1988	5520	1	1	2	-34.9372917,-57.9627946	-34.9372917	-57.9627946
1105	1988	5525	1	1	2	-37.3103573,-59.150335	-37.3103573	-59.150335
1106	1988	5530	2		2	-34.7400631,-58.318153	-34.7400631	-58.318153
1107	1988	5535	1	1	2	-38.7237055,-62.2663386	-38.7237055	-62.2663386
1108	1988	5540	2	2	1	-37.3167446,-59.1103982	-37.3167446	-59.1103982
1109	1988	5545	1	1	2	-37.991884,-57.6155376	-37.991884	-57.6155376
1110	1988	5550	2	1	2	-34.9262051,-57.9734698	-34.9262051	-57.9734698
1111	1988	5555	1	1	2	-37.3124875,-59.1421841	-37.3124875	-59.1421841
1112	1988	5560	2	1		-37.97092,-57.61555	-37.97092	-57.61555
1113	1988	5565	1	1	2	-34.9204022,-57.9808119	-34.9204022	-57.9808119
1114	1988	5570	2		2	-34.9124117,-57.9421764	-34.9124117	-57.9421764
1115	1988	5575	2	2	1	-33.9050268,-60.5905459	-33.9050268	-60.5905459
1116	1988	5580	1	1	2	-34.2787983,-59.1050912	-34.2787983	-59.1050912
1117	1988	5585	1		2	-37.3282395,-59.1318065	-37.3282395	-59.1318065
1118	1988	5590	2	2	1	-34.9215144,-57.9313556	-34.9215144	-57.9313556
1120	1988	5600	2	1	2	-37.3303353,-59.1279666	-37.3303353	-59.1279666
1121	1988	5605	1	1		-38.71232,-62.25635	-38.71232	-62.25635
1122	1988	5610	1	1	2	-34.3981359,-58.7303811	-34.3981359	-58.7303811
1123	1988	5615			2	-37.3271987,-59.1348871	-37.3271987	-59.1348871
1124	1988	5620	1	1		-37.3240808,-59.1144797	-37.3240808	-59.1144797
1125	1988	5625	2	2	1	-38.0280361,-57.5711065	-38.0280361	-57.5711065
1126	1988	5630	1	1		-37.2973776,-59.1212525	-37.2973776	-59.1212525
1128	1988	5640	2	1	2	-37.9545317,-57.5460118	-37.9545317	-57.5460118
1129	1988	5645	2	2		-38.0152106,-57.5528336	-38.0152106	-57.5528336
1130	1988	5650	1	1	2	-33.9146633,-60.5969943	-33.9146633	-60.5969943
1132	1988	5660	2	2	2	-38.7103727,-62.4025758	-38.7103727	-62.4025758
1133	1988	5665	1	1		-38.7212983,-62.265562	-38.7212983	-62.265562
1134	1988	5670	2		1	-37.99569,-57.57117	-37.99569	-57.57117
1135	1988	5675		1	2	-38.0030028,-57.566997	-38.0030028	-57.566997
1136	1988	5680	1	1	2	-38.7205543,-62.2578616	-38.7205543	-62.2578616
1137	1988	5685	2			-37.3309834,-59.1454302	-37.3309834	-59.1454302
1138	1988	5690			2	-34.87975,-58.10201	-34.87975	-58.10201
1139	1988	5695	2	2	1	-38.7143037,-62.2631856	-38.7143037	-62.2631856
1140	1988	5700	2		2	-34.86569,-58.03376	-34.86569	-58.03376
1141	1988	5705	1	1	2	-33.8973683,-60.5653273	-33.8973683	-60.5653273
1142	1988	5710	1	1	2	-34.3855332,-58.7401371	-34.3855332	-58.7401371
1143	1988	5715	1	1	2	-37.9656115,-57.5627552	-37.9656115	-57.5627552
1144	1988	5720	1	1	2	-38.7143779,-62.3930724	-38.7143779	-62.3930724
1147	1988	5735	1	1	2	-37.9996907,-57.5472521	-37.9996907	-57.5472521
1148	1988	5740				-38.0528222,-57.5606583	-38.0528222	-57.5606583
1149	1988	5745		1	2	-37.3179522,-59.1419253	-37.3179522	-59.1419253
1150	1988	5750			2	-37.99047,-57.5565	-37.99047	-57.5565
1151	1988	5755	2	1		-37.9632583,-57.5931797	-37.9632583	-57.5931797
1152	1988	5760	1	1		-38.0477411,-57.5559057	-38.0477411	-57.5559057
1153	1988	5765	2	2	1	-33.8944298,-60.5506474	-33.8944298	-60.5506474
1154	1988	5770	2		1	-37.9934804,-57.5618105	-37.9934804	-57.5618105
1155	1988	5775		1	1	-38.7467881,-62.2653433	-38.7467881	-62.2653433
1156	1988	5780	2	2	1	-34.9245712,-57.94825	-34.9245712	-57.94825
1157	1988	5785	2		1	-37.3327091,-59.1397493	-37.3327091	-59.1397493